,Amnesia_rate,Total_side_effects_rate
Abacavir,0.16976744186046513,109.78294573643412
Abatacept,0.23879620543016028,36.894013738959764
Abciximab,0.10214075836015112,22.7773891143137
Abiraterone,0.6471631205673759,106.13475177304964
Acamprosate,0.15301844605925097,17.087059809949693
Acarbose,0.138222671042666,16.402423630396363
Acebutolol,0.038906358258274265,11.613547940094868
Aceclofenac,0.1525282072712077,16.066304499233876
Acemetacin,0.11369535873741045,15.045685806250649
Acetarsol,0.04454750717031793,0.7127601147250869
Acetazolamide,0.03922200730711369,14.335643670750054
Acetic Acid,0.0760971541749192,3.84290628583342
Acetylcysteine,0.05425089179548157,25.416542806183116
Achyranthes,0.4462102689486553,5.800733496332518
Acipimox,0.12353339350180506,7.700248194945848
Acitretin,0.17070033906231732,33.15854086285514
Aclidinium,0.6266094420600858,137.8540772532189
Acrivastine,0.07415684681023973,10.196566436407963
Acyclovir,0.11396752706078268,52.80495420482931
Adalimumab,1.1327586206896552,822.7603448275862
Adapalene,0.11122962060033523,5.8395550815176
Adefovir,0.12114171921672752,4.845668768669101
Adenosine,0.05705799593559481,3.499557084049815
Adrenaline,0.07597835137385513,37.02045170691091
Afatinib,0.45768025078369906,24.943573667711597
Aflibercept,0.03801093465243426,6.499869825566259
Agomelatine,0.6331309627059843,52.86643538594969
Alanine,0.04672598092555847,6.401459386801511
Albendazole,0.09227657691821514,2.3991909998735936
Albumin,0.03798917568692756,6.38218151540383
Alclofenac,0.05023396641893752,16.62744288466832
Alcuronium,0.04937770562770563,4.690882034632035
Alemtuzumab,0.0570164019786514,20.982035928143713
Alendronic Acid,0.2089404662781016,122.8759887593672
Alfentanil,0.09563318777292576,9.94585152838428
Alfuzosin,0.14002557544757036,32.15920716112532
Alginic Acid,0.06848030018761726,12.714509068167605
Alglucosidase Alfa,0.23255813953488372,41.51162790697675
Aliskiren,0.3690596562184024,63.35524098415908
Alitretinoin,0.3062080536912752,27.558724832214764
Allantoin,0.041652402145384,0.874700445053064
Allium Sativum,0.1372696502444528,3.569010906355773
Allopurinol,0.05969579676170746,60.07387014119828
Almotriptan,0.15456277789540546,3.2458183358035146
Aloe,0.10601219866395585,4.028463549230323
Alogliptin,0.03800104112441437,1.6150442477876106
Aloxiprin,0.04304245283018868,0.8178066037735849
Alpha Galactosidase A,0.037991152745251104,9.47879260994015
Alphadolone Acetate,0.04621423145100025,28.699037731071154
Alphaxalone,0.04621423145100025,28.722144846796656
Alprazolam,0.09140996744302529,8.13548710242925
Alprostadil,0.08943155831427638,11.65591310029402
Alteplase,0.07344803300130798,23.356474494415934
Althaea,0.10613550450712417,4.563826693806339
Aluminium Chloride,0.09474367293964958,1.5158987670343933
Aluminium Hydroxide,0.0586439588688946,12.471615252784918
Alverine,0.09778531880692981,9.387390605465262
Amantadine,0.043807009121459434,11.170787325972155
Ambrisentan,0.2924679487179487,18.42548076923077
Amfetamine,0.038743233202420124,3.390032905211761
Amidotrizoic Acid,0.05698376353039134,18.04485845129059
Amifampridine,0.6925996204933587,10.73529411764706
Amikacin,0.07837663732016319,2.795433397752487
Amiloride,0.08901896225839888,72.14986891043229
Aminoacridine,0.04560504779159118,0.77528581245705
Aminobenzoic Acid,0.04517047212424973,3.8394901305612277
Aminocaproic Acid,0.04326182292283987,2.8120184899845917
Aminoglutethimide,0.059166801750688926,8.667936456475928
Aminophylline,0.07930041822823312,15.899733854760742
Aminosalicylic Acid,0.039760348583877995,2.3856209150326797
Amiodarone,0.10520247874333477,137.28923476005187
Amiphenazole,0.042007135458625854,0.9871676832777074
Amisulpride,0.15584970111016225,117.45872473669229
Amitriptyline,0.28818823034003577,95.71691757027055
Amlodipine,0.4944768653605669,326.73509795748225
Ammonium Chloride,0.06088914838602052,2.0397864709316873
Amodiaquine,0.07286883609502895,1.2023357955679776
Amorolfine,0.08270080435028888,3.3493825761867
Amoxapine,0.08320036471392751,11.315249601094141
Amoxycillin,0.11396752706078268,258.3833784346378
Amphotericin B,0.04099051041608175,22.462799708012803
Ampicillin,0.05819515306122449,38.971354166666664
Amprenavir,0.12054161162483487,3.857331571994716
Amsacrine,0.06129817784868587,1.0420690234276597
Amylase,0.06375545851528384,2.1676855895196505
Amylmetacresol,0.047081586584972586,1.6949371170590133
Amylobarbitone,0.04072297221912306,2.26012495816133
Amylocaine,0.04211619454220273,0.800207696301852
Anagrelide,0.15358720807910792,20.273511466442244
Anakinra,0.14547628537265844,19.712036667995218
Anastrozole,0.3441077441077441,76.63771043771044
Angelica,0.12879322512350036,11.46259703599153
Anidulafungin,0.3331811958010041,8.662711090826107
Anistreplase,0.08779314491882141,4.126277811184607
Antazoline,0.03954496208017335,0.6920368364030336
Anti D Rho Immunoglobulin,0.08345718532068137,14.563278838458901
Anti Inhibitor Coagulant Complex Dried,0.15030885380919698,4.30885380919698
Antilymphocyte Immunoglobulins,0.06443071491615181,13.401588702559577
Antimony,0.060802931867399636,2.4321172746959854
Apixaban,0.13296211490424648,31.227102414654457
Apomorphine,0.06561601150527324,16.600850910834133
Apraclonidine,0.0969970768004252,5.674328992824874
Aprepitant,0.03830814441645676,1.915407220822838
Aprotinin,0.048849036402569594,3.61482869379015
Arachis Hypogea,0.08086850559432814,1.1725933311177579
Arachis Oil,0.06124161073825503,1.3166946308724832
Arctium,0.07044292193380296,1.9019588922126796
Arctium Lappa,0.08202247191011236,1.2713483146067417
Arctostaphylos,0.07044292193380296,1.620187204477468
Arginine,0.04672598092555847,7.149075081610446
Aripiprazole,0.13296211490424648,80.36610116569526
Arnica,0.10618181818181817,2.6014545454545455
Arsenic Trioxide,0.15942345490281723,3.268180825507753
Artemether,0.2812018489984592,6.045839753466872
Articaine,0.23712847165827516,29.996751664771807
Ascorbic Acid,0.09799710035977018,35.57294743059657
Asenapine,0.7923299565846599,21.921128798842258
Asparaginase,0.0441327610180763,7.237772806964513
Aspartic Acid,0.04989747095010253,1.7963089542036912
Aspirin,0.0949729392173189,174.54126769358868
Astemizole,0.12448840381991816,21.785470668485676
Astragalus,0.2950687146321746,5.2128806251684185
Atazanavir,0.038003019417981156,11.970951116664063
Atenolol,0.22793505412156537,164.37916319733557
Atomoxetine,0.40736607142857145,194.55803571428572
Atorvastatin,1.652615144418423,189.36690085870413
Atovaquone,0.28408353872097547,83.80464392268776
Atractyloides,0.4864504664593514,12.323411816970236
Atracurium,0.06039046988749173,33.848858371939116
Atropa Belladonna,0.0396093326098752,1.3071079761258817
Atropine,0.03867139905705356,11.988133707686602
Avena_Sativa,0.0571712003341513,0.6479402704537148
Axitinib,0.35523114355231145,37.832116788321166
Azacitidine,0.31905594405594406,59.34440559440559
Azadirachta,0.20970985349037632,2.7262280953748923
Azapropazone,0.12620150750293893,79.86031394785977
Azatadine,0.05902328589909444,4.131630012936611
Azathioprine,0.05698376353039134,98.1260407993339
Azelaic Acid,0.08602403959462644,1.6774687720952157
Azelastine,0.08232773204014886,6.87436562535243
Azithromycin,0.08205935251798561,42.67086330935252
Azlocillin,0.06295274232493964,3.6512590548464985
Aztreonam,0.06840329835082459,4.104197901049475
Bacampicillin,0.0645446507515473,2.065428824049514
Bacitracin,0.040804918949133594,1.1221352711011738
Baclofen,0.16046979022735836,39.888204999371936
Balsalazide,0.11146739960299283,14.379294548786076
Bambuterol,0.09551223341619783,11.986785293732828
Barium,0.0722533817222039,2.577037281425272
Basiliximab,0.12166666666666666,11.801666666666666
Beclomethasone,0.07605355003385945,66.75600354222013
Bendamustine,0.33702677746999077,36.73591874422899
Bendrofluazide,0.29002012925098,80.81894268460641
Benethamine Penicillin,0.04213564213564214,1.264069264069264
Benorylate,0.0739165654110976,25.205548805184286
Benoxaprofen,0.05755282245348471,164.80250709555347
Benperidol,0.047252249336526636,1.3703152307592723
Benserazide,0.09792742638674626,15.350124086122475
Benzalkonium,0.040017541936191205,4.902148887183423
Benzhexol,0.09752578421418265,6.748784267621439
Benzocaine,0.0391567880705895,4.561765810223677
Benzoctamine,0.049287691580582,0.961109985821349
Benzoic Acid,0.04292350208737578,0.794084788616452
Benzoyl Peroxide,0.037991152745251104,10.390580275826176
Benzthiazide,0.042409806541567424,1.1238598733515368
Benztropine,0.0583595373874114,1.3811757181687363
Benzydamine,0.04928103692702356,7.860325389860258
Benzyl Alcohol,0.060636265470554035,1.3339978403521888
Benzyl Benzoate,0.043423948605080004,2.36660519897686
Benzyl Cinnamate,0.0611236707694884,0.8557313907728376
Benzyl Nicotinate,0.0457881201781346,0.7326099228501536
Benzylpenicillin,0.03855090832277144,18.041825095057035
Beta Carotene,0.12573200137788496,3.143300034447124
Betahistine,0.06675608120465767,15.353898677071266
Betaine,0.08072542297909985,1.2108813446864979
Betamethasone,0.057719677402350955,22.568393864319223
Betaxolol,0.09702286018075491,5.045188729399255
Bethanidine,0.060036186194418556,2.161302702999068
Betiatide,0.0935058281029845,1.729857819905213
Bevacizumab,0.03798917568692756,26.041579933388842
Bexarotene,0.17980295566502463,2.7869458128078817
Bezafibrate,0.11668797953964195,43.26206841432225
Bicalutamide,0.05698376353039134,10.466017901748543
Bifonazole,13.035714285714285,195.53571428571428
Bimatoprost,0.37745604963805585,32.00827300930713
Biotin,0.06326371435999653,7.528382008839587
Bisacodyl,0.038846317581949764,4.311941251596424
Bismuth,0.07858757670362795,10.373560124878889
Bisoprolol,0.05698376353039134,55.63514779350541
Bivalirudin,0.18438999747410964,8.297549886334933
Black Pepper,3.7628865979381443,48.91752577319587
Bleomycin,0.04724307533005436,12.259578048149105
Boceprevir,0.670545009185548,30.39804041641151
Borago,0.10505108648726436,1.995970643258023
Borax,0.18199950137122914,3.093991523310895
Boric Acid,0.132031108699584,2.244528847892928
Boron,0.4440389294403893,7.770681265206814
Bortezomib,0.24247121346324182,192.68379096545615
Bosentan,0.14649809351796106,21.681717840658237
Bosutinib,0.8763505402160864,26.290516206482593
Brentuximab Vedotin,1.0960960960960962,61.81981981981982
Brimonidine,0.37250328036156877,53.1615395830296
Brinzolamide,0.31855472159190085,24.592424506894744
Bromazepam,0.06426056338028169,2.120598591549296
Bromhexine,0.046390442297915606,3.2937214031520083
Bromocriptine,0.050092637068551424,25.171550126947093
Brompheniramine,0.06227606210544276,5.480293465278963
Buclizine,0.0779623004218508,2.5922464890265395
Budesonide,0.18201462765957446,57.63796542553192
Bumetanide,0.047384136050889265,16.37121900558224
Bupivacaine,0.06382978723404255,21.76595744680851
Bupleurum,0.2925851703406814,7.168336673346693
Buprenorphine,0.1570793286472529,138.96284607660306
Bupropion,3.1532087447108603,1323.125
Buserelin,0.06844819503047352,10.43834974214721
Buspirone,0.14317936648033736,30.318230852211435
Busulphan,0.03888356237349526,9.487589219132843
Butobarbitone,0.040506048163355894,1.2556874930640327
Butriptyline,0.05495746442821652,1.2090642174207635
Cabazitaxel,0.03799906303680183,1.7669564312112853
Cabergoline,0.08905697206294987,39.00695376357204
Cadexomer Iodine,0.06914188293237356,0.8642735366546694
Caffeine,0.07597835137385513,39.12885095753539
Calamine,0.04382015727234528,0.6353922804490065
Calcipotriol,0.08063625317574284,41.40671600574395
Calcitonin,0.07091050382074861,12.291153995596426
Calcium,0.11593435680254102,91.66543144520911
Calendula,0.06910915459623213,0.9329735870491338
Camelia Sinensis,0.15186186810900767,12.680465987102142
Camphor,0.039209367278977336,3.2543774841551185
Canagliflozin,1.7464114832535886,232.27272727272728
Canakinumab,0.389749065670048,8.379604911906032
Candesartan,0.387649825519648,123.27264451524806
Cannabidiol,0.20528683914510687,10.674915635545558
Cannabis Sativa,0.03807040417209909,5.444067796610169
Capecitabine,0.3960216998191682,179.3978300180832
Capreomycin,0.04164764947512551,1.1244865358283889
Capsaicin,0.08762453486976353,9.90157244028328
Capsicum,0.04071615817948575,3.25729265435886
Captopril,0.30167555789315503,158.653918401082
Carbamazepine,0.3843116609634114,229.99131350355358
Carbaryl,0.04090094128193635,0.8998207082025997
Carbenoxolone,0.04174768386137481,9.894201075145832
Carbidopa,0.14072741292892943,55.32932784989076
Carbimazole,0.03877204164011047,40.070905035054174
Carbocisteine,0.04669310477165153,12.093514135857745
Carbomer,0.09253390797312713,5.135631892508556
Carbon Dioxide,0.1476537216828479,2.510113268608414
Carboplatin,0.06791961295124674,74.2361369557127
Carboprost,0.04811812009755454,3.392327466877595
Carbromal,0.04210404890990887,0.9473411004729496
Carfecillin,0.05474315710536183,1.2043494563179602
Carisoprodol,0.07955536181342633,2.525882737576286
Carmellose,0.04855660502860184,1.5538113609152588
Carmustine,0.04979875844191282,3.809605020806331
Carteolol,0.07068848649172073,2.792195216422969
Carthamus,0.051422936038320655,1.0027472527472527
Carvedilol,0.14150943396226415,19.10377358490566
Caspofungin,0.15076414704667493,13.116480793060719
Cassia,0.3427230046948357,5.312206572769953
Cefaclor,0.054210604485370566,33.82741719887123
Cefadroxil,0.06826896100252501,6.110072009725989
Cefalexin,0.10837292161520189,45.08313539192399
Cefixime,0.07892745161639096,18.50848740404368
Cefotaxime,0.08646557169930512,14.266819330385346
Cefoxitin,0.051916648886992385,1.1681245999573286
Cefpodoxime,0.0941449574413206,2.683131287077637
Ceftazidime,0.06211180124223602,23.664596273291924
Ceftibuten,0.11331884507916795,1.4164855634895994
Ceftriaxone,0.06244119408091694,20.511932255581215
Cefuroxime,0.05297532656023222,45.32039187227866
Celecoxib,0.5067684831655676,296.7129468934398
Celiprolol,0.0825511704172792,27.737193260205814
Centella,0.1687471104946833,6.159269533055941
Cephaelis Ipecacuanha,0.042041004376871687,1.996947707901405
Cephaloridine,0.04254823104272309,2.5954420936061084
Cephazolin,0.0486407249466951,0.8755330490405118
Cephradine,0.047771742686996924,12.707283554741181
Cerivastatin,0.03798917568692756,18.13983139050791
Certolizumab,0.037991152745251104,28.43637782982045
Cetalkonium,0.04649681528662421,2.929299363057325
Cetirizine,0.18286573146292584,81.59468937875751
Cetostearyl Alcohol,0.4456654456654457,10.027472527472527
Cetrimide,0.03839680201977698,7.045813170629076
Cetrorelix,0.19271383315733898,1.9913762759591693
Cetuximab,0.17233238904627007,36.27596789423985
Cetylpyridinium,0.041110547952919976,5.241594863997297
Chalk,0.11598347632666031,5.451223387353035
Chamaemulum_Nobile,0.058087104132406774,0.7744947217654236
Chenodeoxycholic Acid,0.05960156760287394,3.099281515349445
Chimeric Human Murine Monoclonal Antibody Cac10 Anti Cd30 Linked To Cytotoxic Molecule Sgd 1006,1.1766602192134106,63.539651837524175
Chloral Hydrate,0.038646831489226534,8.019217534014507
Chlorambucil,0.04150793199522374,8.52988002501848
Chloramphenicol,0.03823591032893359,18.83118583699979
Chlorbutol,0.039334015841370765,1.9273667762271673
Chlordiazepoxide,0.07742893508697497,12.756417055579126
Chlorhexidine,0.05891214289557217,32.362403830634314
Chlormadinone,0.044050205165339126,1.1893555394641564
Chlormethiazole,0.04121034210229197,14.52664559105792
Chlormezanone,0.08411591864953621,4.857694302010716
Chlorocresol,0.05658037513563788,1.2730584405518524
Chloroquine,0.09571510987570148,30.150259610845964
Chlorothiazide,0.03913999249370007,1.1546297785641522
Chloroxylenol,0.040587123318136326,1.4814300011119759
Chlorpheniramine,0.09499765759200458,20.91848420175941
Chlorphentermine,0.04168808177716864,1.1047341670949689
Chlorpromazine,0.03827399989513972,38.38882189482514
Chlorpropamide,0.03882772192968459,6.756023615765119
Chlortetracycline,0.03917780282294853,8.560349916814253
Chlorthalidone,0.07699609745807404,28.604050205674508
Cholestyramine,0.04625229677501109,6.984096813026674
Choline,0.056738691123892425,1.8440074615265039
Choline Theophyllinate,0.0631742918133041,1.5793572953326025
Chondroitin,0.18892339544513456,5.856625258799172
Chorionic Gonadotrophin,0.03805651131268898,3.3109164842039416
Chromium,0.09241676161539435,9.380301303962527
Chymotrypsin,0.04329004329004329,1.9264069264069263
Ciclacillin,0.06404632391647658,1.3769959642042464
Ciclesonide,0.1841109709962169,8.192938209331652
Cidofovir,0.10798816568047338,6.641272189349112
Cilastatin,0.03800104112441437,3.8001041124414363
Cilazapril,0.08212397345033187,5.338058274271571
Cilostazol,0.15048443619872193,23.626056483199342
Cimetidine,0.5269852182880715,196.0385012031626
Cimicifuga,0.14333398782642845,10.678382093068919
Cinacalcet,0.1850443599493029,27.756653992395435
Cinchocaine,0.0389374866652443,2.4141241732451464
Cineole,0.06404632391647658,1.0247411826636252
Cinnamomum,0.5653071760454311,11.683014971605576
Cinnarizine,0.04452848603147493,9.150603879468099
Cinoxacin,0.061036789297658864,3.112876254180602
Ciprofibrate,0.09407216494845361,28.786082474226806
Ciprofloxacin,0.5000913408841797,346.2299050054804
Cisapride,0.1878538342768914,57.70869788986104
Cisatracurium,0.10439010439010439,2.2443872443872444
Cisplatin,0.08135819897466379,48.05557619436808
Citalopram,1.0636969192339718,224.4020607826811
Citric Acid,0.07748235418988485,15.496470837976968
Citrus Aurantium,0.22934338674206722,14.219289978008167
Citrus Limon,0.05035177265829769,0.6293971582287212
Citrus Paradisi,0.1847165991902834,6.926872469635628
Citrus Reticulata,0.43843843843843844,9.426426426426426
Cladribine,0.03801093465243426,2.622754491017964
Clarithromycin,0.1899458784346378,128.55537052456287
Clavulanic Acid,0.0949729392173189,129.88499167360533
Clemastine,0.06934329681464124,1.8722690139953138
Clidinium,0.061334229541253574,1.9626953453201144
Clindamycin,0.06496974012103952,33.805921442980896
Clioquinol,0.09796553760266251,7.68049814804874
Clobazam,0.1631649530621368,22.897481746386532
Clobetasol,0.04727673078168512,6.713295770999287
Clobetasone,0.052517985611510797,6.039568345323741
Clodronic Acid,0.08018453427065027,6.735500878734623
Clofarabine,0.21552996752288162,19.613227044582228
Clofazimine,0.054837740384615384,0.7403094951923077
Clofibrate,0.06221590909090909,7.714772727272727
Clomiphene,0.0427225376016855,16.70451220225903
Clomipramine,0.14825345247766045,43.79830567482883
Clomocycline,0.044878888479036025,0.6731833271855404
Clonazepam,0.1139734582357533,17.817850637522767
Clonidine,0.0877351120725918,31.5188390120786
Clopamide,0.04572502348888193,16.186658315064204
Clopenthixol,0.059286932510354905,0.7410866563794364
Clopidogrel,0.22963195973576597,274.18055992450456
Clorazepic Acid,0.07330789315123519,5.5958358438776195
Clostridium Botulinum,0.15241674496293975,59.25200960434283
Clostridium Tetani,0.06237539162631729,648.8911990885788
Clotrimazole,0.03798917568692756,16.373334721065778
Cloxacillin,0.04209919261822376,1.4734717416378316
Clozapine,0.607826810990841,1722.980068692756
Co Dergocrine Mesylate,0.053862613443518045,1.3734966428097102
Coal Tar,0.04180506242125759,2.926354369488031
Cobicistat,0.8468677494199537,41.49651972157773
Cocaine,0.0757418551566715,10.225150446150653
Cod Liver Oil,0.16976744186046513,5.94186046511628
Codeine,0.2306234203875316,107.64348146588037
Codonopsis,0.3265732180137191,3.592305398150909
Coffea,0.08002631001973252,1.0403420302565227
Coix Lacryma Jobi,0.10829253819908026,1.4619492656875834
Colchicine,0.03861820874993387,7.298841453737502
Colesevelam,0.25294525294525294,6.82952182952183
Colestipol,0.05980665246600033,2.2427494674750124
Colfosceril,0.09458408914226483,1.8916817828452965
Collagenase,0.7329317269076305,12.45983935742972
Colloidal Anhydrous Silica,0.17645636934977038,3.440899202320522
Commiphora,0.04863748417616097,1.0943433939636218
Complement C1 Esterase Inhibitor,0.2662290299051787,5.9901531728665205
Copper,0.04308309726156752,43.320054296506136
Corticotrophin,0.06129646215853113,3.064823107926556
Cortisone,0.038846317581949764,2.5832801191996593
Corydalis,0.24770953512046148,4.087207329487614
Crataegus,0.13451262207481113,2.8247650635710335
Creatine,0.2032293986636971,3.658129175946548
Crelizumab,0.1534258091635141,2.07124842370744
Crizotinib,0.38933333333333336,45.552
Cromoglycic Acid,0.03968038267108768,19.74099037886612
Cropropamide,0.04650273920244617,1.3020766976684928
Crotamiton,0.046484971981660725,2.486946001018849
Crotethamide,0.04650273920244617,1.3020766976684928
Cucurbita,0.15994741454864153,3.998685363716038
Cuscuta,0.3694331983805668,6.834514170040486
Cyclandelate,0.04209191028080494,1.4732168598281727
Cyclizine,0.15195670274771025,59.567027477102414
Cyclofenil,0.045372614830008075,2.450121200820436
Cyclopenthiazide,0.04041858147389402,18.18836166325231
Cyclopentolate,0.05789668481996511,4.824723734997092
Cyclophosphamide,0.09670411191182704,66.45506570580754
Cycloserine,0.05848734109603675,2.612434568956308
Cyclosporin,0.17099578366560825,98.58856904898235
Cyperus,0.20970985349037632,3.355357655846021
Cyproheptadine,0.04586579542598643,1.28424227192762
Cyproterone,0.07287368561160655,62.744243311593245
Cysteamine,0.18401814973531636,3.4963448449710106
Cysteine,0.03823591032893359,2.275036664571548
Cytarabine,0.06670727992689612,23.881206213828815
Dabigatran,0.03798917568692756,62.54917776852623
Dacarbazine,0.049334324525241606,3.9467459620193286
Daclizumab,0.14087225009648785,3.733114627556928
Dactinomycin,0.038765864797408525,5.911794381604801
Dactylis Glomerata,0.06423229212494501,3.3400791904971405
Dalfopristin,0.037991152745251104,0.7028363257871454
Dalteparin,0.1224558264370387,44.90046969358086
Danaparoid,0.16404494382022472,2.1325842696629214
Danazol,0.0730925839396569,54.624524397570255
Danthron,0.03996277440192698,3.6366124705753546
Dantrolene,0.04917149400511923,9.268826619964974
Dapagliflozin,0.05698376353039134,24.958888426311407
Dapsone,0.03798917568692756,16.867194004995838
Daptomycin,0.2027214662593724,60.51235767842266
Darbepoetin Alfa,0.07598230549050221,33.926099401509234
Darifenacin,0.25120440467997246,3.642463867859601
Darunavir,0.8081926376972045,78.09161361749238
Dasatinib,0.2047111609646663,53.22490185081323
Daunorubicin,0.045710707576706325,7.3137132122730115
Debrisoquine,0.061745799030111646,1.893537836923424
Decitabine,0.281093569503273,4.0758567577974585
Deferasirox,0.22475369458128078,93.04802955665023
Deferiprone,0.21225043613103314,3.6082574142275634
Deflazacort,0.09338620954330305,3.0350518101573494
Degarelix,0.32662192393736017,11.431767337807607
Demeclocycline,0.057320839658692356,13.279327854263729
Denosumab,0.03798917568692756,52.975905495420484
Deoxyribonuclease,0.03801093465243426,2.166623275188753
Dequalinium,0.039334015841370765,0.7276792930653591
Desferrioxamine,0.0394125904329986,9.360490227837166
Desflurane,0.09027949542418996,4.062577294088548
Desipramine,0.038437236731255264,2.248578348778433
Desloratadine,0.13379765395894427,34.51979472140762
Desmopressin,0.04976481014384075,21.324221146635765
Desogestrel,0.1472011614776577,108.42837554444264
Dexamethasone,0.13301056796293403,43.62746629184237
Dexamphetamine,0.1160941475826972,2.9410517387616624
Dexfenfluramine,0.19400446476028488,61.92622515148293
Dexibuprofen,0.3489483747609943,4.420012746972594
Dexketoprofen,0.13606710158434296,4.55824790307549
Dexmedetomidine,0.4959239130434782,13.63790760869565
Dexpanthenol,0.07600999583506872,3.7244897959183674
Dexrazoxane,0.5593869731800766,8.670498084291188
Dextran,0.05821681110106863,7.180073369131798
Dextromethorphan,0.0500171291538198,14.905104487838301
Dextromoramide,0.040972105292697986,1.9871471066958524
Dextropropoxyphene,0.19537522749170325,36.261642222460125
Diamorphine,0.043712574850299404,15.058982035928144
Diazepam,0.2318441668431082,80.21808172771544
Diazoxide,0.04041858147389402,3.193067936437628
Dibotermin Alfa,0.19466666666666668,3.7960000000000003
Dibromopropamidine,0.039954025504898474,1.358436867166548
Dichloralphenazone,0.06759676523242175,2.0279029569726528
Dichlorobenzyl Alcohol,0.04711197160374314,1.5311390771216522
Dichlorphenamide,0.04185299850934526,1.862458433665864
Diclofenac,0.32290799333888426,306.8195774354704
Dicyclomine,0.059182791049616254,15.150794508701761
Didanosine,0.1356709205798538,51.012266138025026
Dienoestrol,0.04172382258802012,2.0027434842249656
Dienogest,0.16485998193315268,4.616079494128275
Diethylpropion,0.05893433799784714,9.822389666307858
Diethylstilbestrol,0.039211473384541014,3.254552290916904
Diflunisal,0.08033749082905356,39.0975788701394
Digitalis,0.041901044656181836,0.6494661921708185
Digoxin,0.05804092017385774,27.25988550832185
Dihydrocodeine,0.09518593855943254,49.496688050904915
Dihydroergotamine,0.04699974246716457,0.7049961370074685
Diltiazem,0.3164282618118769,137.89943649761594
Dimenhydrinate,0.03962223187147199,0.9113113330438559
Dimethyl Fumarate,0.03798917568692756,9.117402164862614
Dimethyl Sulphoxide,0.0564185794883685,1.354045907720844
Dimeticone,0.06012189095700873,4.1283698457146
Dinoprostone,0.04657097288676236,11.759170653907496
Dioscorea,0.14147286821705427,4.4563953488372094
Diphenhydramine,0.09631623390331434,27.79686510449652
Diphenoxylate,0.0398515121738181,7.372529752156349
Diphenylpyraline,0.039916885389326334,1.6166338582677167
Dipipanone,0.0391567880705895,2.3689856782706644
Dipivefrine,0.07274539113104135,3.491778774289985
Dipyridamole,0.05698376353039134,30.410335137385513
Disopyramide,0.07054503285659065,15.660997294163124
Distigmine,0.04467564259485924,0.8488372093023256
Disulfiram,0.09674512298558101,9.597116200169635
Dithranol,0.04092387038905707,1.3914115932279405
Dobutamine,0.06486582548427226,4.216278656477697
Docetaxel,0.09854211663066954,130.86393088552916
Docosahexaenoic Acid,0.06971635946900964,3.8692579505300353
Docusate,0.08007898200965335,5.865785432207108
Dolasetron,0.25886524822695034,5.177304964539007
Domperidone,0.08805082019942104,32.75490511418462
Donepezil,0.2655317910664921,152.62767350501966
Dopamine,0.05320311930617302,1.463085780919758
Dorzolamide,0.14765372168284788,47.00310140237325
Dosulepin,0.19440170434370932,50.4364421825068
Doxapram,0.059845876373175934,1.4662239711428104
Doxazosin,0.13296211490424648,64.86651748542882
Doxepin,0.0430958143928213,10.235255918295058
Doxorubicin,0.07547039768419603,45.30739540974568
Doxycycline,0.13296211490424648,66.59502497918402
Doxylamine,0.03900406069673007,11.23316948065826
Dronabinol,0.20032930845225028,10.51728869374314
Dronedarone,0.14530254777070065,45.3343949044586
Droperidol,0.07995180986802475,8.314988226274574
Drospirenone,0.1457376721900579,94.21940507087243
Drotrecogin Alfa Activated,0.1561163387510693,22.871043627031654
Duloxetine,1.2295476419634264,413.9184311838306
Dutasteride,0.4672498399829315,35.35523789204182
Dydrogesterone,0.0780957475260765,11.206739769991977
Echinacea,0.15887986070806734,8.52655252466628
Econazole,0.054392370166157514,2.311675732061694
Eculizumab,0.18650996423096577,39.16709248850281
Edetic Acid,0.041430192962542564,1.1393303064699205
Efalizumab,0.28098537336412627,19.949961508852965
Efavirenz,0.2212121212121212,104.02499999999999
Eflornithine,0.19939907129199672,5.184375853591915
Eformoterol,0.1139734582357533,46.026281550871715
Eicosapentaenoic Acid,0.06971635946900964,3.9389743099990446
Eletriptan,0.16171909614532567,3.881258307487816
Eleutherococcus Senticosus,0.23211446740858505,7.079491255961844
Eltrombopag,0.20768136557610242,13.914651493598862
Elvitegravir,0.8468677494199537,39.37935034802784
Emepronium,0.045539613225202745,9.9504054897068
Empagliflozin,1.65158371040724,52.85067873303168
Emtricitabine,0.17434917602101743,142.44327680917127
Emulsifying Wax,0.07284702125536373,2.112563616405548
Enalapril,0.22073434125269978,226.03196544276457
Enflurane,0.07936507936507937,5.026455026455027
Enfuvirtide,0.15831706788115374,6.570158317067881
Enoxacin,0.0767209668943773,1.726221755123489
Enoxaparin,0.07988618953819217,69.14149704530531
Enoximone,0.08676016163536962,2.9498454956025673
Entacapone,0.2918132395267029,53.34346018548129
Entecavir,0.23189326556543838,7.6524777636594665
Enzalutamide,1.8766066838046274,114.47300771208226
Ephedrine,0.03881946290880085,8.443233182664185
Epimedium,0.20621468926553674,5.258474576271187
Epinephrine,0.041486701523073426,2.302511934530575
Epirubicin,0.06675201170446232,30.372165325530357
Eplerenone,0.2732717743948091,24.958822061392564
Epoprostenol,0.06094506595424946,5.02796794122558
Eprosartan,0.1293867422899681,11.515420063807161
Eptifibatide,0.13786591123701605,1.9301227573182247
Equisetum,0.15931907463989523,2.947402880838062
Erdosteine,0.22290076335877862,3.677862595419847
Ergometrine,0.03885665619843509,6.663916538031618
Ergotamine,0.05878878986363148,6.839095887469129
Eribulin,0.4542626011200996,44.063472308649665
Erlotinib,0.18268268268268267,77.36611611611612
Ertapenem,0.255960729312763,24.6575502571295
Erythromycin,0.11603878556668255,104.70566417633655
Erythropoietin,0.03798917568692756,19.507441715237302
Erythrosine,0.047547710545170326,0.6181202370872142
Escitalopram,0.19005467326217132,47.760739390783655
Eslicarbazepine,0.35784313725490197,21.112745098039216
Esmolol,0.08356227106227106,1.5459020146520146
Esomeprazole,0.2503429355281207,84.92884087791495
Estradiol,0.11396752706078268,108.95295587010824
Estramustine,0.058531109685695956,1.521808851828095
Estrogen,0.06895900245607406,46.38642231878582
Estrogens_Unspecified,0.06185392306388748,38.45252217138338
Estrone,0.06586664260579266,0.9221329964810971
Estropipate,0.05141569235103536,2.750739540780392
Etanercept,0.3053882195448461,776.7243975903615
Ethacrynic Acid,0.03882565684501649,1.7859802148707584
Ethambutol,0.041208015805814284,13.001128986734406
Ethamsylate,0.041939561070895096,4.256865448695852
Ethanol,0.15432471611500362,24.339212370137716
Ethanolamine,0.04247149173842216,1.1679660228066093
Ethinyloestradiol,0.15195670274771025,363.2335033305579
Ethionamide,0.042007135458625854,0.6511105996087007
Ethisterone,0.039532113072674104,0.5534495830174374
Ethoheptazine,0.041650025674673366,4.95635305528613
Ethosuximide,0.07722007722007722,6.332046332046333
Ethyl Nicotinate,0.04709981289115427,1.9546422349829022
Ethyl Salicylate,0.06857679661813058,1.5772663222170034
Ethynodiol,0.05969254252071522,41.20775185346707
Etidronic Acid,0.08666402849228334,37.554412346656115
Etodolac,0.09722098907928617,41.05966438781852
Etomidate,0.05468984117470782,7.711267605633803
Etonogestrel,0.11396752706078268,145.8974292256453
Etoposide,0.08624763705103969,37.46022369250157
Etoricoxib,0.2892807608480285,156.79017237963146
Etravirine,0.3340451494813911,25.832824893227578
Etretinate,0.1254511084378759,26.626997765939162
Eucalyptus,0.04739028823682161,3.886003635419372
Eucommia Ulmoides,0.45117428924598274,8.121137206427688
Euterpe,0.28537920250195464,3.7099296325254105
Everolimus,0.31547104580812446,190.3867761452031
Exametazime,0.08650314018248607,2.465339495200853
Exemestane,0.12597066436583262,41.507333908541845
Exenatide,0.23006618342262844,316.68610148124804
Ezetimibe,0.36863367479440196,143.55648535564853
Factor I,0.17352032327073924,7.981934870454006
Factor Ii,0.04320804971885173,2.570878958271678
Factor Ix,0.08712256832557586,10.49826948323189
Factor Vii,0.12647262647262647,16.125259875259875
Factor Viii Recombinant,0.10397379290699331,20.95071927075915
Factor Viii Unspecified,0.03799906303680183,7.219821976992348
Factor X,0.1538785834738617,8.232504215851602
Famciclovir,0.03798917568692756,9.782212739383848
Famotidine,0.07195662888122228,21.658945293247907
Fampridine,0.5821371610845295,32.30861244019139
Fazadinium,0.051253247209155375,1.6657305342975497
Febuxostat,0.2996715927750411,56.33825944170772
Felbinac,0.11043872919818458,10.933434190620273
Felodipine,0.20540236353404615,60.347214406302754
Felypressin,0.10746672947827111,7.544164409374632
Fenbufen,0.19712985109173672,279.0795463313016
Fencamfamin,0.051835546403465174,0.9848753816658383
Fenclofenac,0.058428045461821676,37.802945413798625
Fenfluramine,0.07955102708004141,22.353838609491635
Fenofibrate,0.11677508798123067,21.40876612989229
Fenoprofen,0.07276714513556619,21.660353535353533
Fenoterol,0.05250287686996548,5.145281933256617
Fentanyl,0.1388008619596907,78.23741919127899
Feprazone,0.11272390364422483,47.823116121062384
Ferucarbotran,0.32215357458075905,4.832303618711386
Fesoterodine,0.2680866691149468,37.13000367242012
Fexofenadine,0.15915697674418605,53.10537790697674
Fibrinolysin,0.8030803080308031,81.11111111111111
Filgrastim,0.038003019417981156,12.274975272007913
Finasteride,0.7190034762456547,127.64426419466976
Fingolimod,0.41289592760181,161.2358597285068
Fish Oil,0.19160104986876642,4.502624671916011
Flavoxate,0.0497207464923035,4.2262634518457975
Flecainide,0.24813052345343303,42.24422161794697
Flosequinan,0.10129041209934786,8.76162064659359
Flucloxacillin,0.068254067194415,91.57420681917347
Fluconazole,0.10692315203593399,104.99853529928717
Flucytosine,0.05091365601897057,1.1710140884363232
Fludarabine,0.037991152745251104,22.33879781420765
Fludrocortisone,0.07974075152927468,6.432420623361491
Flufenamic Acid,0.04162864963503649,2.7683052007299267
Flumazenil,0.07454304094761564,1.863576023690391
Flumethasone,0.0393891976474397,1.3786219176603896
Flunisolide,0.05647095227044171,2.0611897578711225
Flunitrazepam,0.06602152482590214,2.310753368906575
Fluocinolone,0.04037833950992865,1.2921068643177167
Fluorescein,0.07008448540706605,14.671018945212493
Fluorouracil,0.04278513656077834,36.81661001054976
Fluoxetine,1.0636969192339718,374.06041840133224
Flupenthixol,0.1329967206288064,42.08396231325803
Fluphenazine,0.09759358288770054,19.71390374331551
Flurandrenolone,0.04326182292283987,0.6056655209197582
Flurazepam,0.047975814931650894,5.469242902208202
Flurbiprofen,0.051883439943141436,56.86425017768302
Fluspirilene,0.051710703407239496,6.3862718707940775
Flutamide,0.06227606210544275,13.233663197406585
Fluticasone,0.07597835137385513,87.39409866777686
Fluvastatin,0.18327893547577204,42.65817223198594
Fluvoxamine,0.13977176993183735,131.58114421383166
Foeniculum Vulgare,0.2143906020558003,6.64610866372981
Folic Acid,0.03987545747528268,16.289124378652975
Folinic Acid,0.0523898378068035,10.189823453423282
Follicle Stimulating Hormone,0.07643979057591622,13.147643979057591
Follitropin Beta,0.11521464646464646,2.189078282828283
Fondaparinux,0.14717741935483872,11.111895161290324
Formaldehyde,0.04734111543450065,1.1835278858625162
Formestane,0.1037521318931211,5.810119386014781
Forsythia,0.23006618342262844,3.796092026473369
Fosamprenavir,0.24439236692333444,7.0873786407766985
Foscarnet Sodium,0.06896551724137931,4.517241379310345
Fosfestrol,0.04214293961436324,2.549647846668976
Fosfomycin,0.0919858870967742,2.253654233870968
Fosinopril,0.08308672888686547,20.771682221716365
Framycetin,0.04030922142462728,1.8340695748205413
Frangula,0.04631098141216773,1.1114635538920254
Frovatriptan,0.1565180102915952,3.365137221269297
Frusemide,0.0763838024484671,69.52835617871717
Fucus,0.10810010365763363,4.161853990818895
Fulvestrant,0.18268268268268267,9.316816816816816
Fumaric Acid,0.2137628111273792,7.802342606149341
Furazolidone,0.042179464956376034,0.7592303692147686
Fusidic Acid,0.03872679045092838,28.9289124668435
Gabapentin,2.340592861464005,256.0520266182698
Gadobenic Acid,0.11760915095859514,15.406798775575965
Gadobutrol,0.03798917568692756,12.574417152373023
Gadodiamide,0.09287531806615776,5.201017811704835
Gadofosveset Trisodium Hydrous,0.44648318042813456,8.483180428134558
Gadolinium,0.14682220434432824,7.561343523732904
Gadopentetic Acid,0.08126461093176,16.252922186352
Gadoteric Acid,0.11512379750827946,33.84639646743416
Gadoteridol,0.09035771753929941,18.432974378017082
Gadoxetic Acid,0.20615645297938434,7.009319401299067
Galantamine,0.1952567760342368,48.74910841654779
Gallamine,0.04827403782568443,0.9896177754265308
Galsulfase,0.4676489429852658,15.19859064702114
Gamma Benzene Hexachloride,0.06348194098208593,0.9945504087193461
Gamma Hydroxybutyrate,0.2535602639805488,7.987148315387287
Gamolenic Acid,0.07494097115285904,10.154501591212401
Ganciclovir,0.07259347653142402,9.074184566428002
Ganoderma Lucidum,0.19929019929019928,3.288288288288288
Garcinia,0.3039134054954205,7.749791840133223
Gardenia,0.47096774193548385,6.829032258064516
Gardenia Jasminoides,0.48280423280423285,7.000661375661376
Gaultheria,0.07897868657362328,1.3426376717515958
Gefitinib,0.173726796763446,16.59090909090909
Gelatin,0.08720235725093572,28.19542884446922
Gemcitabine,0.0999315537303217,57.210814510609175
Gemeprost,0.06895900245607406,4.551294162100888
Gemfibrozil,0.110461010793907,19.257036215071118
Gemtuzumab Ozogamicin,0.18848437903434032,6.21998450813323
Gentamicin,0.06193088626208925,27.827611560432103
Gentian,0.10188889922769145,3.8378152042430447
Geranium,0.7163886162904809,10.029440628066732
Gestodene,0.037991152745251104,22.68071818891491
Gestrinone,0.0947067981318111,6.06123508043591
Gimeracil,1.168,15.184000000000001
Ginkgo Biloba,0.1197899573350837,12.997210370856582
Glatiramer,0.12874779541446207,134.67019400352734
Glibenclamide,0.04402895054282267,12.570265379975874
Gliclazide,0.11780844024852738,35.430888404744614
Glimepiride,0.11806566391719231,18.772440562833577
Glipizide,0.049354337096883236,2.837874383070786
Glucagon,0.052818175240575936,1.663772520078142
Glucosamine,0.15063970284770944,20.56231943871234
Glucose,0.03798917568692756,43.83950874271441
Glutamic Acid,0.047030021904393766,2.0928359747455225
Glutamine,0.11831442463533226,2.6029173419773093
Glutathione,0.1702822486587357,2.5542337298810356
Glutethimide,0.041941970698075266,3.2714737144498707
Glycerol,0.04055780876715373,4.359964442469026
Glycerophosphoric Acid,0.06363874117339377,2.991020835149507
Glyceryl Trinitrate,0.057043133986247135,32.02021254428006
Glycine,0.05875093894194656,6.462603283614122
Glycol Salicylate,0.04072751617942424,2.78983485829056
Glycopyrronium,0.05444104705794616,15.352375270340817
Glycyrrhiza,0.038082320413167094,3.7320674004903753
Gold,0.11757757972726296,25.94545259314936
Golimumab,0.03798917568692756,44.390351790174854
Gonadorelin,0.07400648824006488,1.825493376588267
Goserelin,0.2089404662781016,40.97132597835137
Gramicidin,0.039628684653384726,2.021062917322621
Granisetron,0.08597338358261689,7.73760452243552
Grass Pollen Mixed,0.8628841607565012,23.72931442080378
Griseofulvin,0.13489968321013726,18.53907074973601
Guaiphenesin,0.04098130578790771,14.93768595969236
Guanethidine,0.03881739870254174,4.541635648197383
Guanoxan,0.04146313756673861,2.0109621719868227
Guar Gum,0.05109897802043959,0.6387372252554949
Guarana,0.12827271129854156,6.028817431031453
Gymnema,0.8598351001177856,14.617196702002357
Haem,0.1481331168831169,3.4811282467532467
Halofantrine,0.10165715081464977,1.7790001392563708
Haloperidol,0.19346973391285913,48.29004558464964
Halothane,0.03853056054048348,16.240631267813786
Hamamelis,0.06762389995368226,2.637332098193608
Harpagophytum,0.1202041824468961,3.1854108348427466
Heparin,0.05880141767801525,25.61781763505531
Heparinoid,0.04114298596629657,2.7977230457081665
Hexetidine,0.04723696130451663,2.2201371813122814
Hexyl Nicotinate,0.05296763894935423,1.8803511827020754
Hexylresorcinol,0.04349380362249762,2.19643708293613
Histidine,0.04672598092555847,6.12110350124816
Holcus,0.06492351476342939,2.6943258626823194
Honey,0.06577169114334624,1.0852329038652133
House Dust Mite,0.05270758122743682,1.9765342960288808
Human Antihuman Il 17 Monoclonal Antibody 1 215 Light Chain 1 457 Heavy Chain,0.13374862587028216,4.079333089043606
Human Prothrombin Complex,0.1538785834738617,4.924114671163575
Humanized Recombinant Igg1 Monoclonal Antibody Against Cs1,0.5072967338429465,8.116747741487144
Humulus,0.09998173849525202,8.531775018261506
Hyaluronic Acid,0.06328565236237538,7.246207195491981
Hyaluronidase,0.041124443693313056,2.405779956058814
Hydralazine,0.07153589860847978,30.927353498399423
Hydrastis,0.29435483870967744,6.034274193548387
Hydrochlorothiazide,0.13443123224244974,74.20604019783227
Hydrocortisone,0.05735987427972761,39.0620743844945
Hydroflumethiazide,0.04199022145527753,6.571469657750934
Hydrogen Peroxide,0.060858691121300545,2.312630262609421
Hydromorphone,0.12366593257665594,2.473318651533119
Hydroxyapatite,0.06575391821293461,1.5123401188974959
Hydroxychloroquine,0.05780804561292366,26.880741210009504
Hydroxyethyl Starch,0.05896607431340872,2.0932956381260097
Hydroxyprogesterone,0.04217459125310532,2.551562770812872
Hydroxyquinoline,0.0395642512600943,2.472765703755894
Hydroxyurea,0.06188538487622923,15.017520063298294
Hydroxyzine,0.059888427040035004,4.850962590242835
Hyoscine,0.05700452912697173,34.335728044145974
Hypericum,0.15227367542761786,27.916840495063273
Hypromellose,0.049088830609911906,2.577163607020375
Ibandronic Acid,0.24273996896475283,73.95477721126136
Ibufenac,0.04446610221112262,0.7114576353779619
Ibuprofen,0.17095129059117403,203.86891132389675
Icodextrin,0.08953759352385625,60.482644425364896
Idarubicin,0.07816682728343506,5.706178391690759
Idoxuridine,0.04625229677501109,5.7352848001013745
Idursulfase,0.23887434554973824,5.613547120418849
Ifosfamide,0.055602102216467365,20.934191484499962
Ilex,0.1650836725463591,3.879466304839439
Iloprost,0.12429763323684659,7.830750893921335
Imatinib,0.42002301495972383,162.706415420023
Imidapril,0.13721804511278196,3.567669172932331
Imiglucerase,0.14191290824261277,10.146772939346812
Imipenem,0.03800104112441437,5.852160333159812
Imipramine,0.15469379105742742,22.585293494384405
Imiquimod,0.11545152617428436,49.817333544203706
Immunoglobulin Normal,0.07597835137385513,80.5560470441299
Indacaterol,0.4219653179190751,43.04046242774566
Indapamide,0.1313800302354042,67.66071557123317
Indinavir,0.10410724472333144,41.018254420992584
Indomethacin,0.8999785591766724,144.21178173241853
Indoprofen,0.06248929977743537,12.56034925526451
Indoramin,0.052612612612612616,22.176216216216215
Infliximab,0.0949729392173189,224.5160283097419
Ingenol Mebutate,0.6636363636363636,93.57272727272728
Inosine Pranobex,0.06586664260579266,3.556798700712803
Inositol,0.056738691123892425,1.8440074615265039
Inositol Nicotinate,0.04043425279716407,3.719951257339094
Insulin Analogues,0.8004385964912281,38.020833333333336
Insulin Aspart,0.5686968838526912,122.16643059490085
Insulin Bovine,0.059166801750688926,1.1833360350137785
Insulin Degludec,0.7285429141716566,37.51996007984032
Insulin Detemir,0.5171192443919717,117.04132231404958
Insulin Glargine,0.5734485467399842,156.12136684996074
Insulin Glulisine,0.2050561797752809,16.404494382022474
Insulin Human,0.19607090783516232,50.64231448085335
Insulin Lispro,0.4095371669004208,61.37938288920056
Insulin Porcine,0.07685828595493789,11.503123464589036
Insulin Source Unspecified,0.08114717652289907,17.14234104046243
Interferon Alfa,0.22793505412156537,79.89123646960866
Interferon Beta,0.03798917568692756,55.502185678601165
Interferon Gamma,0.099130907115698,1.98261814231396
Interleukin 2 Human,0.08814296063752716,4.803791354745231
Inulin,0.05110613273592831,1.456524782973957
Iobenguane,0.1049453709028177,1.9939620471535364
Iobitridol,0.11084117825690859,9.643182508351046
Iocetamic Acid,0.053727828070950175,0.7521895929933025
Iodamide,0.05667261858551354,2.861967238568434
Iodine,0.044774288518155056,5.014720314033366
Iodine 123,0.08713296729529721,2.396156600620673
Iodine131,0.038171930558460576,1.393275465383811
Iodipamide,0.04216484722462889,3.647259284930399
Iodixanol,0.03801093465243426,12.733663108565478
Iodobenzylguanidine M Iodine 131,0.03836653177064172,0.4795816471330215
Ioglycamic Acid,0.05197209169870425,2.4167022639897477
Iohexol,0.037991152745251104,24.618266978922716
Iomeprol,0.10969196093163035,11.737039819684448
Iopamidol,0.11873780091086533,40.13337670787248
Iophendylate,0.046358036451387565,6.235155902711627
Iopromide,0.14294106128842765,34.23438417857842
Iothalamic Acid,0.03930013458950202,13.24414535666218
Iotrolan,0.10006854009595613,1.3008910212474296
Iotroxic Acid,0.06692949481984048,1.1712661593472082
Ioversol,0.05700452912697173,14.612160966213754
Ioxaglic Acid,0.06100618418853418,4.148420524820324
Ipilimumab,0.037991152745251104,9.61176164454853
Ipodate,0.04201922523455937,4.243941748690497
Ipratropium,0.10234840518752192,24.384507535927096
Iprindole,0.045389541752160666,4.153143070322701
Iproniazid,0.04295128265474229,0.6657448811485055
Irbesartan,0.16453794139744551,79.30728775356874
Irinotecan,0.1566971951917573,33.42873497424155
Iron,0.05698672911787665,59.45615404631798
Iron Dextran,0.03800499791753436,22.574968763015413
Iron Iii Hydroxide Oligosaccharide Complex,0.4121964991530209,111.91134952004518
Isocarboxazid,0.03891672886235206,2.4712122827593563
Isoconazole,0.05961130164951821,1.9373673036093417
Isoflurane,0.09590960847858457,15.025838661644915
Isoleucine,0.04672598092555847,6.237918453562056
Isometheptene,0.0792272628608639,1.9278633962810217
Isoniazid,0.03863660421297767,30.48428072403938
Isoprenaline,0.03923676431066917,3.5509271701155605
Isopropamide,0.04171190217701846,0.729958288097823
Isopropyl Alcohol,0.051459185112082334,5.454673621880728
Isopropyl Myristate,0.10591990713871156,5.613755078351713
Isosorbide,0.0784566607555484,28.695523671341824
Isotretinoin,0.17096018735362997,99.78376268540202
Isoxsuprine,0.04265264387963774,2.0686532281624306
Isradipine,0.0862476370510397,11.60030718336484
Itraconazole,0.14814814814814814,58.629629629629626
Ivabradine,0.20453908657887362,83.349677780891
Ivermectin,0.15117001449575482,2.04079519569269
Juniperus,0.04710589146286378,1.2247531780344583
Justicia,0.20970985349037632,2.8310830221200805
Kanamycin,0.041245268094242615,0.6186790214136391
Ketamine,0.0438043804380438,9.724572457245724
Ketazolam,0.0633405639913232,1.1401301518438178
Ketoconazole,0.08606460740391418,38.12662107993398
Ketoprofen,0.0888293988805062,68.62071063519105
Ketorolac,0.08058284578871841,13.054421017772382
Ketotifen,0.055530199300167345,22.65632131446828
Konjac Flour,1.6150442477876106,23.418141592920353
Labetalol,0.12372042573384856,38.50179648837367
Lacidipine,0.08885102239532619,33.71896299902629
Lacosamide,0.8159463487332339,91.65797317436662
Lactic Acid,0.05064169268123483,2.15227193895248
Lactobacillus Acidophilus,0.07600208224882873,1.0640291514836022
Lactose,0.202608936996947,2.5326117124618373
Lactuca,0.06831368145236759,1.5029009919520868
Lactuca Virosa,0.041245268094242615,0.6393016554607605
Lactulose,0.047665687234737186,7.4596800522363695
Lambrolizumab,1.2607944732297063,34.67184801381693
Lamivudine,0.07600208224882873,53.524466423737636
Lamotrigine,0.5080992153885092,177.83472538597823
Lanreotide,0.11030522816560893,14.17422181928075
Lansoprazole,0.2849188176519567,161.4729912572856
Lanthanum,0.17096018735362997,4.786885245901639
Lapatinib,0.2955465587044534,34.283400809716596
Laronidase,0.03800499791753436,2.945387338608913
Laropiprant,0.5670636975660279,34.21284308648369
Latamoxef,0.059368900455432666,4.986987638256344
Latanoprost,0.03803271855788267,29.34224236740648
Lavandula Angustifolia,0.19586799034075664,4.11322779715589
Lecithin,0.05504033778179899,2.2841740179446584
Ledipasvir,1.8295739348370925,109.77443609022556
Leflunomide,0.3061566851199463,170.34557960073812
Lenalidomide,0.037991152745251104,23.478532396565182
Lenograstim,0.09219499873705482,4.701944935589795
Leonurus Cardiaca,0.07313896403166015,1.0239454964432422
Lepirudin,0.12963949564908542,2.2686911738589948
Lercanidipine,0.05698376353039134,16.316350957535388
Letrozole,0.1899458784346378,22.432608243130726
Leucine,0.04672598092555847,6.261281444024835
Leuprorelin,0.1671436748712078,46.29879793932456
Levamisole,0.053648857205849936,5.1234658631586685
Levetiracetam,0.43687552039966693,73.39508742714405
Levobunolol,0.07719149836100243,4.013957914772126
Levobupivacaine,0.14664523905182805,20.97026918441141
Levocarnitine,0.12911213300318358,3.163247258577998
Levocetirizine,0.35742264003133567,16.94183313748531
Levodopa,0.17212921480782836,68.33529827870785
Levofloxacin,0.03798917568692756,25.053861365528725
Levomenthol,0.03802677501692973,6.559618690420378
Levomepromazine,0.0674489513074009,5.8343342880901785
Levonorgestrel,0.2089404662781016,287.82498959200666
Levothyroxine,0.2889290964604772,92.56049983037431
Lidocaine,0.07597835137385513,71.7425582847627
Lidoflazine,0.06286600068894248,2.8604030313468827
Ligusticum Chuanxiong,0.17422434367541764,2.1778042959427206
Linaclotide,0.03799906303680183,2.3369423767633126
Linagliptin,0.6322170900692842,144.56697459584296
Lincomycin,0.04235075709230145,4.489180251783953
Lindane,0.05966001961425302,0.9744469870327993
Linezolid,0.18446765498652293,83.133423180593
Liothyronine,0.08293569643262895,16.255396500795275
Lipase,0.06734938647476704,2.0878309807177784
Liquidambar,0.057462216624685133,0.7757399244332494
Liraglutide,0.13426521979032555,108.88909324995402
Lisdexamfetamine,0.057028279777094945,4.77136607468361
Lisinopril,0.32499010684606255,287.58013454689353
Lithium,0.47780307342060324,84.63346613545816
Lixisenatide,0.7012487992315082,151.82036503362153
Lobelia Inflata,0.041901044656181836,0.6285156698427276
Lodoxamide,0.08407232523321433,3.867326960727859
Lofepramine,0.4189898327320433,156.28320760905217
Lofexidine,0.08803666184273999,6.38265798359865
Lomustine,0.04659177942302782,1.6307122798059739
Lonicera,0.18466987098406276,4.986086516569694
Loperamide,0.07395650411995137,19.795690936106983
Lopinavir,0.19143356643356643,60.55681818181818
Loprazolam,0.10526821765045184,1.6842914824072295
Loratadine,0.22512335526315788,55.19274259868421
Lorazepam,0.5900801862390067,38.92168908432488
Lormetazepam,0.08807206627523526,2.730234054532293
Losartan,0.38100208768267224,158.97312108559498
Loxapine,0.07685019475734288,3.842509737867144
Lumefantrine,0.2812018489984592,5.905238828967643
Lumiracoxib,0.31370863773098406,10.509239363987966
Lurasidone,2.1791044776119404,74.08955223880596
Lutein,0.30429345560650267,6.998749478949563
Luteinising Hormone,0.07723777950201029,11.096494321788812
Lycium,0.23345059162136234,5.1359130156699715
Lymecycline,0.058022467147096225,10.90822382365409
Lynoestrenol,0.04197814836112708,31.756469235192636
Lysine,0.04672598092555847,6.8687191960570955
Lysuride,0.08888347741385608,3.4220138804334588
Macitentan,1.1459968602825745,32.66091051805338
Macrogol,0.07799978630195534,43.757880115396944
Macrogol Lauril Ethers,0.10129041209934786,2.481615096434023
Magnesium,0.046722990271377364,62.72561443932411
Magnesium Carbonate,0.03967391304347826,4.502989130434782
Magnesium Hydroxide,0.0586439588688946,2.3653063410454154
Magnesium Oxide,0.1072835224266651,9.183469519722532
Magnesium Stearate,0.2757839063090291,5.239894219871553
Magnesium Trisilicate,0.04138556607517433,9.787686376778728
Malathion,0.05133253638984601,5.389916320933831
Malic Acid,0.04160018235696376,0.5408023706405288
Malt,2.8627450980392157,35.78431372549019
Mamma Copolymer,0.07355163727959697,1.6916876574307305
Manganese,0.06156181480856805,7.664445943666722
Mannitol,0.04963285286918684,0.8685749252107696
Maprotiline,0.19594685277144006,28.804187357401688
Maraviroc,0.2509453420419388,14.052939154348573
Matricaria,0.07946010667247197,1.5892021334494393
Mazindol,0.04769059907231985,10.06271640425949
Mebanazine,0.041817036145958636,0.8781577590651314
Mebendazole,0.05267715399047481,10.693462260066386
Mebeverine,0.10697538100820633,19.79044548651817
Mebhydrolin,0.03920094511867683,1.9796477284931802
Meclozine,0.0402825295221278,1.8932788875400066
Mecysteine,0.06383909051158723,0.989505902929602
Medazepam,0.04931099702783031,1.5286409078627397
Medronic Acid,0.05663744278066568,6.400031034215222
Medroxyprogesterone,0.07979886313948405,83.78880629645825
Mefenamic Acid,0.1142588824542182,64.91808838107164
Mefloquine,0.9117402164862615,130.37885095753538
Mefruside,0.04197573457535507,0.9864297625208441
Megestrol,0.057948772226926334,16.2836049957663
Meglumine,0.042294322132097335,1.015063731170336
Melaleuca,0.06915498294808639,2.9390867752936716
Melanocyte Stimulating Hormone,0.27894535727932745,6.555215896064196
Melanotan Ii,0.5581039755351682,16.464067278287462
Melatonin,0.26666666666666666,32.93333333333333
Meloxicam,0.1966065176407218,138.90250471316995
Melphalan,0.03940195390511146,7.84098882711718
Memantine,0.0570164019786514,12.467586565998438
Menotrophin,0.07890185905750108,2.998270644185041
Mentha,0.08775444782817758,12.051610835069722
Menthol,0.04627868644605047,8.746671738303538
Mepacrine,0.03987545747528268,1.535205112798383
Mephedrone,0.3613861386138614,7.047029702970297
Mepivacaine,0.045885976491294236,7.9841599094851965
Meprobamate,0.041650025674673366,7.934329891025276
Meptazinol,0.09109059146493637,27.17535978703935
Mepyramine,0.042152673518882085,1.2856565423259037
Mequitazine,0.0580470737913486,1.2189885496183208
Mercaptamine,0.1959205582393988,8.03274288781535
Mercaptopurine,0.05699859455520275,9.76575920045807
Meropenem,0.14015103033405862,37.233457058748236
Mesalazine,0.09460860549507517,79.40815621219976
Mesna,0.08646557169930512,5.360865445356917
Mesterolone,0.04657691571492375,0.8849613985835513
Mestranol,0.03972572921201567,62.17076621680453
Metaraminol,0.0401054829139655,1.283375453246896
Metformin,0.17095129059117403,81.88566819317236
Methacrylic Acid,0.04890139335476956,2.127210610932476
Methacycline,0.04209191028080494,0.7366084299140864
Methadone,0.058527981185525685,26.415628841733927
Methaqualone,0.04263769639623854,0.5329712049529818
Methenamine,0.04036494332319602,1.1504008847110865
Methionine,0.04672598092555847,6.448185367727069
Methixene,0.0420555363521143,0.5256942044014288
Methocarbamol,0.03981890579828724,7.545682648775432
Methohexital,0.041541000398338364,4.507198543219713
Methoserpidine,0.0420725030257622,1.4094288513630338
Methotrexate,0.3039134054954205,152.8684429641965
Methoxsalen,0.052296009742818256,2.6148004871409127
Methyl Nicotinate,0.03873706553462457,2.1499071371716636
Methyl Salicylate,0.053743650150923944,4.62195391297946
Methyldopa,0.057719677402350955,48.946286437193606
Methylenedioxymethamphetamine,0.10219795604087918,2.657146857062859
Methylnaltrexone,0.34048507462686567,4.937033582089552
Methylphenidate,0.15199625214720733,55.55463015980428
Methylprednisolone,0.05804092017385774,39.10023322378883
Methylthioninium,0.04777799594214281,6.306695464362851
Methylthioninium Chloride,0.052757100527571,5.302088603020886
Methysergide,0.05698376353039134,5.07155495420483
Metipranolol,0.0782673957328187,6.496193845823952
Mianserin,0.179059499614549,74.53991169668512
Mibefradil,0.21800806331193073,10.518889054800658
Micafungin,0.28582615505090053,6.716914643696163
Miconazole,0.07333244039646397,23.44193678006965
Midazolam,0.33486238532110096,36.956630525437866
Midodrine,0.15275162167817535,9.470600544046873
Mifamurtide Sodium,0.37397540983606553,45.81198770491803
Mifepristone,0.08342857142857142,27.990285714285715
Miglustat,0.3576678098971092,3.4872611464968153
Milrinone,0.08275705702301325,1.903412311529305
Minocycline,0.07123804567041832,83.20603734304859
Minoxidil,0.05309477052876573,19.034475234562514
Mirabegron,1.4092664092664093,349.4980694980695
Mirtazapine,0.3609159510798855,145.22118136872234
Misoprostol,0.10725830149867763,147.5516700950142
Mitomycin,0.03805651131268898,10.275258054426025
Mitotane,0.6203966005665722,8.06515580736544
Mitozantrone,0.06345067362016514,9.485875706214689
Mivacurium,0.08747753145596165,9.01018573996405
Mizolastine,0.11548805568739123,10.509413067552602
Moclobemide,0.17632850241545894,48.84299516908213
Modafinil,0.10536951501154736,31.24206120092379
Molgramostim,0.1031364792314213,1.3407742300084768
Molybdenum,0.09241676161539435,3.7428788454234714
Mometasone,0.08812168034765815,25.379043940125545
Montelukast,0.1139734582357533,79.4015092375748
Morphine,0.11396752706078268,55.388218151540386
Moxifloxacin,0.23903077930582842,37.76686313032089
Moxisylyte,0.044162129461585,3.3342407743496674
Moxonidine,0.15629460462460748,38.70896374536112
Mucopolysaccharide Polysulphate,0.0841110727042286,1.9345546721972577
Mupirocin,0.06520185780635941,5.835566273669167
Muromonab Cd3,0.12052171041769853,1.6270430906389302
Mycophenolic Acid,0.05698376353039134,41.370212323064116
Myroxylon,0.03963944396177237,1.1891833188531713
Nabilone,0.09139470828812286,5.0876387613721725
Nabumetone,0.17477494732809806,74.17448764604482
Nadolol,0.08138843466627026,19.07202319012933
Nafarelin,0.03799906303680183,4.654885222008224
Naftidrofuryl,0.0936017438133094,14.555071162969611
Nalbuphine,0.061026584183246954,4.210834308644039
Nalidixic Acid,0.05851547052850959,40.27814888045744
Nalmefene,1.2400906002265004,157.9048697621744
Naloxone,0.05143380539702671,18.25900091594448
Naltrexone,0.07451260589976523,9.276819434520771
Nandrolone,0.04083459193376965,2.3684063321586395
Naproxen,0.17095129059117403,155.35673397169026
Naratriptan,0.15016456390565003,14.01535929786067
Natalizumab,0.36079077429983525,107.75617792421747
Nateglinide,0.14452583646802614,6.286873886359136
Nebivolol,0.12160586373479927,18.05847076461769
Nedocromil,0.06538289296909987,13.795790416480072
Nefazodone,0.48556605028601835,131.9282958627112
Nefopam,0.10661603622024245,43.28611070541844
Nelarabine,0.2955465587044534,5.0242914979757085
Nelfinavir,0.10829253819908026,20.088265835929388
Nelumbo,0.3310657596371882,7.614512471655329
Neomycin,0.09705381833652416,10.578866198681132
Neostigmine,0.040668523676880224,2.358774373259053
Netilmicin,0.060636265470554035,1.485588504028574
Nevirapine,0.26568641723686126,103.93652642306013
Nicardipine,0.10451465114059368,26.96477999427317
Nicofuranose,0.04635214934281542,0.6721061654708236
Nicorandil,0.14098107377365776,121.1967297540878
Nicotine,0.13296211490424648,87.7929850124896
Nicotinic Acid,0.07744947217654236,34.21330433398759
Nicotinyl Alcohol,0.044804517277358374,1.2097219664886762
Nicoumalone,0.03902282568022666,2.497460843534506
Nifedipine,0.24692964196502915,192.16824521232306
Nifenazone,0.04151501364877161,0.9340878070973613
Nifuratel,0.04619376067835221,2.2403973929000824
Nilotinib,0.346848273677542,80.58441558441558
Nimodipine,0.037991152745251104,1.6906062971636742
Nimorazole,0.051751027931376724,1.6301573798383666
Nitrazepam,0.09964509964509964,18.613704613704613
Nitrofurantoin,0.07597835137385513,86.4253746877602
Nitrous Oxide,0.06787330316742081,7.352941176470588
Nizatidine,0.10547100751300327,30.90300520130996
Nomifensine,0.10477215644061715,28.576605669178328
Nonoxinol,0.04209191028080494,1.8730900074958197
Noradrenaline,0.04687299345062283,3.187363554642353
Nordazepam,0.3097157403478999,4.490878235044549
Norelgestromin,0.16089927264712364,31.616707075159795
Norethisterone,0.17095129059117403,192.4151748542881
Norfloxacin,0.16079295154185022,20.943281938325992
Norgestimate,0.12303370786516854,29.65112359550562
Norgestrel,0.06365538890826648,31.06382978723404
Nortriptyline,0.09629082467155595,16.311665699361576
Noscapine,0.041456073598727924,0.9534896927707422
Nystatin,0.03872473608827118,13.340671582409422
Octreotide,0.07439111382859472,23.507591969835932
Oenothera,0.10282655648417692,5.278429899521082
Oestradiol,0.1093534663550842,106.88207801545929
Oestriol,0.057107095361026365,8.280528827348823
Ofatumumab,0.33455545371219064,18.400549954170486
Ofloxacin,0.05698376353039134,40.382493755203996
Olanzapine,1.1385226144902878,411.00666383099394
Olea Europea,0.06011198945981555,1.5027997364953887
Olmesartan,0.16204217536071033,31.51720310765816
Olopatadine,0.18617699566437135,3.1650089262943126
Olsalazine,0.09997261024376883,6.2316260385282565
Omalizumab,0.07600208224882873,39.977095262883914
Omega 3 Acids,0.15110743117367006,10.50196646657007
Omeprazole,0.4938592839300583,241.99104912572855
Ondansetron,0.11137103336045566,57.764442636289665
Opipramol,0.042048269108922294,0.6727723057427567
Orciprenaline,0.03907504549834065,7.013970666952146
Orlistat,0.17260403530895332,164.54918032786884
Orphenadrine,0.09822918348673233,6.22773023305883
Oseltamivir,0.3410152600436001,269.62939894113987
Oteracil,1.168,15.184000000000001
Oxaliplatin,0.12199197860962567,130.10444518716577
Oxazepam,0.06050058014254931,3.8518702690756395
Oxcarbazepine,0.44089732528041414,34.26402070750647
Oxerutins,0.13227832809857454,2.028267697511476
Oxethazaine,0.04283032152076977,0.8566064304153955
Oxidronic Acid,0.08470642840566257,7.24239962868415
Oxitropium,0.08247655632131963,8.453847022935262
Oxolinic Acid,0.0489538626609442,1.8847237124463518
Oxprenolol,0.08846876325516573,45.008483306065564
Oxybuprocaine,0.06514367303230412,1.7914510083883632
Oxybutynin,0.05700156168662155,40.24310255075481
Oxycodone,0.1140031233732431,28.424778761061944
Oxygen,0.07579428255001038,5.431923582750744
Oxymetazoline,0.039217793058987864,1.8432362737724295
Oxymetholone,0.044002411091018684,2.1781193490054247
Oxypertine,0.04503670800172743,1.7789499660682337
Oxyphenbutazone,0.03819190122423355,15.334048341529769
Oxytetracycline,0.05847797062750334,23.839519359145527
Oxytocin,0.05793344267499074,13.923337389556108
Paclitaxel,0.13610938471100062,56.21317588564326
Paclitaxel Albumin,0.3235815602836879,27.989804964539005
Padimate,0.05482126764794232,1.1238359867828176
Paeonia,0.15381373788453434,7.0754319426885806
Paliperidone,0.2532963219986121,140.95940319222763
Palivizumab,0.1225243370258476,29.589627391742198
Pamidronic Acid,0.07156161160670522,40.14606411136163
Panax,0.08143685854529228,6.080618771381824
Pancreatin,0.03799906303680183,8.017802300765187
Pancuronium,0.04316716929809,2.41736148069304
Panitumumab,0.22310513447432764,4.015892420537898
Pantoprazole,0.05698376353039134,19.013582431307245
Papaveretum,0.05772119870324978,0.8946785799003716
Papaverine,0.041456073598727924,3.5237662558918736
Paracetamol,0.5698376353039134,283.74115320566193
Paradichlorobenzene,0.03955567596857221,0.6922243294500136
Paraffins,0.039914702826835805,11.754879982503144
Paraldehyde,0.042152673518882085,0.7376717865804365
Parecoxib,0.17852775739789678,4.4631939349474195
Pargyline,0.03940195390511146,1.1820586171533438
Paroxetine,2.089404662781016,652.9769462947544
Pasireotide,0.6471631205673758,8.736702127659575
Passiflora,0.06665449233016801,4.032596785975165
Patent Blue V,0.04748894093156388,11.231134530314858
Pazopanib,0.23555985801871573,48.289770893836724
Pegaspargase,0.3260384100044663,14.671728450200984
Pegfilgrastim,0.03798917568692756,18.93760407993339
Pegvisomant,0.11709977542508823,3.044594161052294
Pegzerepoetin Alfa,0.4064587973273942,32.92316258351893
Pemetrexed,0.17822265625,53.466796875
Pemoline,0.04411675832477186,1.0808605789569106
Penicillamine,0.08025505716798592,28.85169305189094
Penicillin,0.06178586542530682,14.241641980533222
Pentaerythritol Tetranitrate,0.042121054757371185,0.7792395130113668
Pentagastrin,0.04440389294403893,0.8214720194647203
Pentamidine,0.0681860638894078,3.852512609751541
Pentazocine,0.04113834883065653,22.831783601014372
Pentetic Acid,0.04471121455258161,1.4084032584063209
Pentobarbitone,0.04210162062402676,1.2419978084087895
Pentosan,0.20482603815937148,3.7892817059483725
Pentostatin,0.09211356466876972,4.329337539432176
Pentoxifylline,0.05063115550006936,13.341309474268275
Perampanel,0.6369982547993018,109.24520069808025
Perflutren,0.1368835552222014,2.053253328333021
Pergolide,0.1598248494800219,28.52873563218391
Perhexiline,0.08883480377243687,22.09765743839367
Pericyazine,0.061955414733506846,3.0151635170306665
Perindopril,0.076608248504565,84.69041872179662
Permethrin,0.07995618838992333,8.15553121577218
Perphenazine,0.03868574456809751,10.193693693693694
Pertechnetic Acid,0.04618499304061748,1.9628622042262431
Pertuzumab,0.5807478122513922,85.95067621320604
Pethidine,0.038368548302323134,9.5345842531273
Peumus Boldus,0.12711126588890823,1.8431133553891694
Phenacetin,0.03927264902087368,2.2778136432106733
Phenazocine,0.0423728813559322,0.6991525423728813
Phenazone,0.041898639729093724,0.5446823164782184
Phenazopyridine,0.04176440299788317,0.7935236569597803
Phenelzine,0.13382568615126755,23.26655143515609
Phenethicillin,0.03906040986676655,0.8788592220022473
Pheneturide,0.04422902150863375,0.8403514086640412
Phenformin,0.04238026124818577,3.432801161103048
Phenindamine,0.042667601846981124,0.5760126249342451
Phenindione,0.03891672886235206,6.440718626719267
Pheniramine,0.059917920656634746,2.896032831737346
Phenmetrazine,0.04222337902712708,0.6966857539475967
Phenobarbital,0.03897074524877216,9.9375400384369
Phenol,0.04167142367850211,3.6254138600296835
Phenolphthalein,0.04005047457069183,0.9011356778405661
Phenoperidine,0.04547436616208808,0.8412757739986295
Phenothrin,0.0817652329749104,3.8020833333333335
Phenoxybenzamine,0.05943980023884486,1.9020736076430356
Phenoxymethylpenicillin,0.05698376353039134,50.981473771856784
Phentermine,0.04263769639623854,8.271713100870276
Phenylalanine,0.04672598092555847,7.055623119759329
Phenylbutazone,0.05837198144890453,48.99354976278053
Phenylephrine,0.09687864953816754,16.79875782991825
Phenylpropanolamine,0.07770090473656201,12.704097924427886
Phenyltoloxamine,0.04299175500588928,1.1822732626619552
Phenytoin,0.09568499973784932,73.31384679914014
Phleum Pratense,0.05906626749737034,8.357876850877902
Pholcodine,0.03875557443193884,9.06880441707369
Phosphatidyl Choline,0.19119958093242534,5.353588266107909
Phosphorus,0.04156938670918513,1.1015887477934059
Pilocarpine,0.04053753887161262,4.33751665926255
Pimecrolimus,0.15873015873015872,10.158730158730158
Pimozide,0.04462921073546494,7.207617533777588
Pimpinella,0.06955693187232015,1.356360171510243
Pindolol,0.05389442598744925,24.30638612033961
Pinus,0.039421103790906145,1.2811858732044497
Pioglitazone,0.2642533936651584,103.91764705882353
Piper,0.13797013797013796,2.7594027594027595
Piperacillin,0.05941722285528244,49.672798307016116
Piperazine,0.05866909558508358,15.566866695242178
Pipothiazine,0.06315425209793235,6.725927848429795
Piracetam,0.038183910450883984,0.9164138508212156
Pirbuterol,0.06689882697947214,4.281524926686217
Pirenzepine,0.06150994270306707,7.627232895180317
Piretanide,0.07093576911864737,3.9369351860849284
Pirfenidone,0.4850498338870432,68.63455149501661
Piroxicam,0.3466793307518083,155.31234017681012
Pivampicillin,0.05867223918984086,11.089053206879921
Pivmecillinam,0.05256336405529954,6.123631912442396
Pixantrone,1.7675544794188864,34.46731234866829
Pizotifen,0.149764070300212,34.5705395609656
Plantago,0.044317629917435646,4.852780475959204
Plasma Proteins,0.055231898312779,3.31391389876674
Plasminogen Activator Tissue,0.08231844835363103,1.3994136220117275
Platelets,0.5048409405255878,6.310511756569848
Plerixafor,0.3024026512013256,6.501657000828501
Podophyllotoxin,0.07327110308140118,1.9416842316571314
Podophyllum,0.04199988493182211,0.6929981013750648
Poloxamer,0.03996277440192698,2.6575244977281436
Polygeline,0.05122088127982038,6.351389278697727
Polygonum,0.18537328593194513,3.5838835280176062
Polymyxin,0.08140961302553808,3.2767369242779076
Polysorbate,0.21765056648777578,2.938282647584973
Polystyrene Sulphonate,0.0660095849534316,1.1221629442083372
Polythiazide,0.04170475319926874,1.793304387568556
Pomalidomide,0.038003019417981156,2.8502264563485866
Ponatinib,0.5166312809624911,11.62420382165605
Porfimer Sodium,0.2799079754601227,3.918711656441718
Poria Cocos,0.14022281982328083,6.9410295812524
Posaconazole,0.29836512261580383,13.426430517711172
Potassium,0.042782629080466504,1.7968704213795932
Potassium Bicarbonate,0.0420289020669008,3.5514422246531177
Potassium Chloride,0.037991152745251104,36.77543585740307
Potassium Citrate,0.054817151009987235,1.2333858977247127
Potassium Iodide,0.05731333909083772,3.4388003454502627
Potassium Nitrate,0.10596603280592248,5.192335607490201
Potassium Phosphate,0.059767479941051256,1.374652038644179
Povidone Iodine,0.045998739760554505,4.001890359168242
Practolol,0.03949147957803624,90.61319989180416
Pramipexole,0.17860055455879953,53.75876692219866
Prasugrel,0.3150625809236081,32.92403970651705
Pravastatin,0.5292046396023198,88.03697183098592
Prazepam,0.06805257760790528,1.0207886641185793
Prazosin,0.09377609351917271,38.823302716937505
Prednisolone,0.15195670274771025,135.73532472939218
Prednisone,0.058173511130000535,7.601338787653403
Pregabalin,0.9687239800166528,140.55995004163196
Prenylamine,0.04254823104272309,3.72297021623827
Prethcamide,0.04649977705586343,1.3019937575641762
Prilocaine,0.11621736361706644,15.805561451921037
Primaquine,0.04955535944606612,0.6442196727988595
Primidone,0.07695551338815096,11.466371494834494
Probenecid,0.040641353969491145,1.8898229595813385
Probucol,0.06350034794711204,1.8097599164926932
Procainamide,0.04170237075121394,2.5646958011996572
Procaine,0.03974303135888502,1.251905487804878
Procarbazine,0.04076390440026804,3.036910877819969
Prochlorperazine,0.05813336164790826,38.38739647483542
Procyclidine,0.08340950639853748,19.351005484460696
Progesterone,0.04935767410412441,8.61291413116971
Proguanil,0.19398384353741496,52.821800595238095
Proline,0.04672598092555847,6.261281444024835
Promazine,0.05821990642279881,4.57996597192684
Promethazine,0.0580470737913486,17.00779262086514
Propafenone,0.10674595437707156,13.094170403587444
Propamidine,0.0765520134228188,2.1434563758389262
Propanidid,0.040367175403671754,3.8146980756469806
Propantheline,0.078313576141179,2.6235048007294965
Propiverine,0.03798917568692756,4.539706494587843
Propofol,0.2089404662781016,72.55932556203165
Propranolol,0.40339982106204936,94.89500552602495
Propyl Alcohol,0.20221606648199447,6.066481994459834
Propylene Glycol,0.0424196641292347,0.5726654657446685
Protamine,0.054579439252336444,3.056448598130841
Protease,0.298324478953821,8.94973436861463
Protein C,0.1538785834738617,8.848018549747048
Protein S,0.1538785834738617,7.847807757166947
Protirelin,0.052318497814090155,0.9417329606536228
Protriptyline,0.06630336058128973,8.597335755373903
Proxymetacaine,0.09285956580732702,3.1572252374491185
Prucalopride,0.34695817490494296,54.64591254752852
Pseudoephedrine,0.09811827956989247,40.66021505376344
Pulmonary Surfactant,0.09271018542037085,1.2979425958851918
Punica Granatum,0.26877761413843887,3.4941089837997055
Pyrazinamide,0.038753517014386576,14.958857567553219
Pyridostigmine,0.05784010775691308,3.643926788685524
Pyrimethamine,0.03798917568692756,8.281640299750208
Quetiapine,0.2849336455893833,113.00468384074941
Quinagolide,0.10143115186883424,3.1443657079338614
Quinapril,0.11405061972711175,13.762108113738151
Quinestradol,0.04334402090013063,0.6068162926018288
Quinidine,0.0416833209615714,2.438474276251927
Quinine,0.05954646799717222,15.482081679264777
Quinupristin,0.037991152745251104,0.7028363257871454
Rabeprazole,0.17508794371602174,63.148385033578506
Rabies Immunoglobulin,0.2830554478480031,4.104303993796045
Radium 223,0.03804064616988015,0.7227722772277227
Raloxifene,0.17528413638546503,51.35825196094125
Raltegravir,0.31223267750213857,67.1300256629598
Raltitrexed,0.10028850116774282,12.235197142464624
Ramipril,0.09500260281103591,140.96486205101507
Ranibizumab,0.24425607851884898,314.276154360919
Ranitidine,0.31071041634421914,187.30188825259248
Ranitidine Bismuth Citrate,0.12082092022509103,2.6580602449520025
Ranolazine,0.07600603883596231,10.450830339944817
Rasagiline,0.1972972972972973,30.64684684684685
Rasburicase,0.15702301570230157,3.8470638847063885
Razoxane,0.055695429922941936,2.0328831921873807
Reboxetine,0.26304410492937447,108.84765061977514
Recombinant Human N Acetylgalactosamine 6 Sulfatase,2.0916905444126077,27.191977077363898
Regadenoson,0.6672760511882998,35.58805606337599
Rehmannia,0.17100023424689623,8.208011243851018
Remifentanil,0.10635198135198136,18.02666083916084
Remoxipride,0.08353358507838426,10.19109737956288
Repaglinide,0.23582619932159585,13.913745759974155
Reserpine,0.04210162062402676,0.8841340331045621
Resorcinol,0.03987327944068167,0.5781625518898842
Reteplase,0.03800499791753436,1.7102249062890462
Retigabine,0.9395109395109396,66.0006435006435
Retinol,0.03950430218085394,8.256399155798475
Rhamnus,0.05317986450061921,0.8508778320099074
Rheum,0.048999865753792456,1.077997046583434
Rhodiola,0.14194050165273187,3.8323935446237605
Rifabutin,0.0898240433124154,9.56626061277224
Rifampicin,0.07658815506478518,48.86324293133295
Rifaximin,0.48026315789473684,11.68640350877193
Rilpivirine,0.4899328859060402,53.89261744966443
Riluzole,0.10113604876697145,16.282903851482406
Rimiterol,0.05478835184629241,0.7122485740018013
Rimonabant,1.9976544175136826,275.1055512118843
Risedronic Acid,0.05698376353039134,29.574573272273106
Risperidone,0.24699390973921193,177.43662485034616
Ritodrine,0.04841490913914312,3.6553256400053056
Ritonavir,0.0949729392173189,43.592579100749376
Rituximab,0.17095129059117403,77.06104288093256
Rivaroxaban,0.15195670274771025,128.84028934221482
Rivastigmine,0.1138845553822153,83.70514820592824
Rizatriptan,0.11589141133513256,14.138752182886172
Rocuronium,0.09364977549711354,28.18858242463117
Rofecoxib,0.534320104098894,443.30757970071573
Roflumilast,0.4094223219293326,28.65956253505328
Romiplostim,0.25895707697765163,62.27917701312522
Ropinirole,0.1139734582357533,40.19463960447567
Ropivacaine,0.10786052009456265,2.4268617021276597
Rosa,0.2612741589119542,6.662491052254832
Rosiglitazone,0.25831564048124556,190.37862703467798
Rosmarinus Officinalis,0.3675730110775428,6.064954682779456
Rosuvastatin,1.4815210425122836,210.0640888698996
Rotigotine,0.0760852571785919,14.037729949450206
Rufinamide,0.2868369351669941,7.457760314341847
Ruscus Aculeatus,0.038421052631578946,0.48026315789473684
Ruxolitinib,0.555978674790556,115.92155369383092
Saccharomyces,0.0698698315467075,1.3624617151607963
Salbutamol,0.06408380640252824,87.36758939544684
Salicylamide,0.042313934616276375,0.7828077904011129
Salicylic Acid,0.05967302452316076,12.710354223433242
Salmeterol,0.07598230549050221,92.12854540723393
Salsalate,0.08564054434537775,5.509541686219302
Salvia,0.12996261349474808,3.0541214171265803
Saquinavir,0.10345804988662131,20.122590702947846
Saxagliptin,0.5013736263736264,61.836080586080584
Schedonorus,0.06491774121831925,2.6616273899510894
Schisandra,0.1581798483206934,3.0054171180931744
Scrophularia,0.42458317177200466,3.6797208220240405
Scutellaria,0.07335209003215433,2.4939710610932475
Secale Cereale,0.06475649782666548,3.1730683935066084
Secobarbital,0.04049256711781673,1.275515864211227
Selegiline,0.09144050104384134,13.807515657620042
Selenium,0.09216008079787905,10.736649412952909
Selenium 75,0.0960147310272261,1.968301986058135
Senna,0.06095185082104091,16.76175897578625
Serenoa Repens,0.10268673512449007,6.10986073990716
Serine,0.04672598092555847,6.237918453562056
Sertindole,0.10331163317294084,11.209312199264081
Sertraline,0.607826810990841,192.92802872606163
Sevelamer,0.12664816099930604,7.282269257460097
Sevoflurane,0.148414204391434,14.000406614258607
Sibutramine,0.47010119595216193,143.6494940202392
Sildenafil,0.44376899696048633,114.49240121580547
Silver Nitrate,0.05855458410202936,0.819764177428411
Silybum Marianum,0.1539434837621257,5.15710670603121
Simethicone,0.06632344033918837,3.957298606904906
Simvastatin,2.507285595337219,317.2476061615321
Sirolimus,0.2024029574861368,38.45656192236599
Sitagliptin,0.35423136645962733,143.95962732919253
Sitaxsentan,0.35978314440611137,14.751108920650568
Smilax,0.12374978809967792,4.7024919477877605
Sodium Acetate,0.04683089556068771,2.9503464203233256
Sodium Acid Citrate,0.060107039934129275,1.23219431864965
Sodium Acid Phosphate,0.04070480651276904,4.070480651276904
Sodium Bicarbonate,0.057970247233839804,42.97527661601991
Sodium Chloride,0.03798917568692756,74.38280599500416
Sodium Citrate,0.04784688995215311,4.8086124401913874
Sodium Fluoride,0.048328368090036405,16.455809334657395
Sodium Hydroxide,0.04709677419354839,0.8006451612903226
Sodium Iodide,0.0397322157513743,1.5495564143035978
Sodium Lactate,0.03798917568692756,35.5008846794338
Sodium Phosphate,0.0435820895522388,4.794029850746268
Sodium Picosulphate,0.0996043116386956,14.019306863146406
Sodium Pidolate,0.05735386549340038,0.7742771841609052
Sodium S Lactate,0.1107570930056137,82.45865574267941
Sodium Sulphate,0.07863837121620167,12.896692879457072
Sodium Tetradecyl Sulphate,0.041273251540679595,3.549499632498445
Sodium Thiosulphate,0.04122896193380775,1.0101095673782898
Sofosbuvir,0.03798917568692756,4.97658201498751
Solifenacin,0.5594346049046321,97.27946185286103
Somatrem,0.07727320842595534,1.3136445432412407
Somatropin,0.056262042389210024,26.865125240847785
Sorafenib,0.3218694885361552,29.826572604350382
Sorbitol,0.04716066929388203,0.6602493701143485
Sotalol,0.07234408033826639,21.220930232558143
Soya Isoflavones,0.27127461910070605,9.630248978075064
Soya Oil,0.04203616261660716,5.128411839226074
Spironolactone,0.0760812923397603,35.9293903074518
Stannous Fluoride,0.08183856502242152,4.992152466367712
Stanozolol,0.039219900069843654,9.86380486756568
Stavudine,0.09975403115605357,51.872096201147855
Sterculia,0.04631098141216773,1.1346190445981095
Streptokinase,0.06976744186046512,37.86046511627907
Streptomycin,0.03894164088338846,2.842739784487357
Strontium 89,0.10779681039574719,1.5091553455404607
Strontium Acetate,0.0702395843356105,4.249494852304435
Strontium Chloride,0.046969501994595285,1.972719083773002
Strontium Ranelate,1.0680321872713971,132.79200195074372
Styrax Benzoin,0.04704214460626369,1.1995746874597242
Succimer,0.08356227106227106,4.387019230769231
Sucralfate,0.060450480291487245,8.070139118913547
Sucrose,0.09871089876498693,1.5793743802397908
Sugammadex,0.35351089588377727,12.019370460048426
Sulconazole,0.06627326373127554,1.3586019064911485
Sulfabenzamide,0.06180679028024723,0.8961984590635848
Sulfadoxine,0.06272016496262565,3.0419280006873444
Sulfametopyrazine,0.046975546975546977,3.405727155727156
Sulfiram,0.04480176752178716,0.8064318153921688
Sulindac,0.1326404535213315,29.26048404680573
Sulphacetamide,0.042179464956376034,0.6748714393020165
Sulphadiazine,0.038875279582490145,3.732026839919054
Sulphadimidine,0.04012091233855455,3.671063478977741
Sulphamethizole,0.04246408004188238,0.9766738409632948
Sulphamethoxazole,0.03798917568692756,143.12421940049958
Sulphamethoxydiazine,0.04206765400795252,0.7361839451391691
Sulphamethoxypyridazine,0.04164764947512551,2.748744865358284
Sulphasalazine,0.1146296780947396,88.68516095263021
Sulphathiazole,0.04172143796079328,0.7301251643138824
Sulphinpyrazone,0.03950644009091893,2.3506331854096763
Sulphur,0.03872473608827118,1.0262055063391862
Sulphur Hexafluoride,0.1450139054429877,27.842669845053635
Sulpiride,0.09228046519467385,36.91218607786954
Sulthiame,0.0388649310546771,2.7011127083000583
Sumatriptan,0.5611684603558094,211.0394245552383
Sunitinib,0.1987476177511571,151.54505853525728
Suprofen,0.07066111702642532,4.063014229019456
Suxamethonium,0.08222109590583995,25.324097538998704
Syzygium,0.04710589146286378,1.719365038394528
Tacalcitol,0.10541516245487365,2.2137184115523465
Tacrolimus,0.09408428921252739,118.45212011857198
Tadalafil,0.4650668931832661,57.20322786154173
Tafluprost,0.3203159280386134,7.36726634488811
Talampicillin,0.07692307692307693,6.641025641025641
Tamoxifen,0.16956464029731882,76.6432174143881
Tamsulosin,0.30569514237855944,125.08026242322724
Tapentadol,0.49147217235188506,74.53994614003591
Taraxacum,0.1078445856108731,5.769685330181711
Taurine,0.1738923296808004,3.2170080990948073
Tazarotene,0.125,3.8125
Tazobactam,0.08755097145598466,65.53190213480451
Technetium 99m,0.05885198323121574,2.736617220251532
Tegafur,0.1474151857835218,3.24313408723748
Teicoplanin,0.03798917568692756,33.7723771856786
Telaprevir,1.6008771929824561,622.2838345864661
Telmisartan,0.12581868321268527,29.693209238193727
Temafloxacin,0.08504193849021435,3.0615097856477167
Temazepam,0.39241685779816515,33.800172018348626
Temoporfin,0.17731357784794755,3.0143308234151083
Temozolomide,0.12134308510638298,20.26429521276596
Temsirolimus,0.2738184546136534,14.649287321830457
Tenecteplase,0.13523527232308263,17.03964431270841
Tenofovir,0.13836239575435935,179.73275208491282
Tenoxicam,0.07469558989051468,18.67389747262867
Terazosin,0.1042063189950514,21.466501712980588
Terbinafine,0.0950124947938359,170.50942315701792
Terbutaline,0.04503115168712603,11.595521559434951
Terfenadine,0.17432142004298337,77.13722836902015
Teriflunomide,0.07598230549050221,1.899557637262555
Teriparatide,0.1659090909090909,88.09772727272727
Terlipressin,0.07611302262537796,3.1967469502658745
Terodiline,0.4145764316138192,72.27449124467581
Terpineol,0.04193474264705882,1.0064338235294117
Testosterone,0.05698376353039134,25.756661115736886
Tetrabenazine,0.04493690366266544,3.7746999076638965
Tetracaine,0.03861412324781804,12.588204178788681
Tetracosactrin,0.04244679613908594,11.184730782649146
Tetracycline,0.03835443703042085,22.264750696159304
Tetrakis Copper Tetrafluoroborate,0.03840286180230417,1.0944815613656689
Tetrofosmin,0.09314788822253414,6.706647952022458
Thalidomide,0.06298895536125172,16.650080533824205
Theobroma Prepared,0.7163886162904809,10.029440628066732
Theophylline,0.03877410102512349,24.059329686089125
Thiabendazole,0.04456654456654456,2.228327228327228
Thiacetazone,0.041633397969658946,0.5828675715752253
Thiethylperazine,0.04212591609440822,2.674995671994922
Thioguanine,0.04970381970450058,3.1313406413835367
Thiomersal,0.04889811775738496,0.611226471967312
Thiopental,0.03840286180230417,13.921037403335262
Thiopentone,0.03934461571628759,13.259135496388918
Thioridazine,0.058235387970004784,20.460032973461683
Thiotepa,0.03829006031995804,2.4888539207972724
Thiouracil,0.0450255967433541,6.303583544069574
Threonine,0.04672598092555847,6.12110350124816
Threonine Dl,0.0513795045045045,0.7450028153153152
Thrombin,0.12180877690639079,4.872351076255631
Thymol,0.04193474264705882,1.3209443933823528
Thymus,0.04710589146286378,2.3081886816803254
Tiagabine,0.17781747320558622,10.017050990581357
Tiaprofenic Acid,0.07636382655996653,39.0028244155029
Tibolone,0.2425786442179885,155.65463003987594
Ticagrelor,0.48121292023731044,243.25313117996043
Ticarcillin,0.05539535589619062,1.9942328122628625
Ticlopidine,0.11242876944401663,7.532727552749114
Tigecycline,0.21270396270396272,18.505244755244757
Tiludronic Acid,0.12649454167388668,1.7709235834344135
Timolol,0.21838851216593538,55.34935513894429
Tin,0.09567496723460027,6.171035386631718
Tinidazole,0.06335705606665509,2.4709251865995485
Tinzaparin,0.08869987849331713,34.59295261239368
Tioconazole,0.07332998493219488,3.226519337016575
Tiotropium Bromide,0.22447724477244774,145.1619516195162
Tipranavir,0.21037463976945245,13.463976945244957
Tirofiban,0.0382138931057949,2.4839030518766685
Titanium Dioxide,0.07933058030862856,2.1419256683329713
Titanium Peroxide,0.07933058030862856,1.705607476635514
Titanium Tannate,0.07933058030862856,1.705607476635514
Tizanidine,0.11079071179238124,23.87539839125816
Tobramycin,0.04814668249571297,8.666402849228335
Tocainide,0.06475649782666548,5.989976048966557
Tocilizumab,0.21451660299735528,136.96885101381136
Tolazoline,0.039262087882536434,0.8245038455332652
Tolbutamide,0.03999123479785253,3.199298783828202
Tolcapone,0.16513346403257426,14.476700346855676
Tolfenamic Acid,0.12566706834222757,2.8275090377001204
Tolmetin,0.05563600335340295,3.6441582196478928
Tolnaftate,0.04275005856172406,0.6626259077067228
Tolterodine,0.2770188221007893,77.84228901032179
Tolvaptan,0.3256021409455843,24.582961641391616
Topiramate,0.9362764952072363,180.5535304441744
Topotecan,0.10497555363819384,7.50575208513086
Torasemide,0.09361374711464478,1.685047448063606
Trabectedin,0.26258992805755393,35.055755395683455
Tramadol,0.9320282101167315,369.3494649805447
Tramazoline,0.042048269108922294,0.8830136512873682
Trandolapril,0.08943886302376869,13.415829453565303
Tranexamic Acid,0.06949292377990735,17.419559560830105
Tranylcypromine,0.05729984301412873,16.8843537414966
Trastuzumab,0.3150897790055249,240.60255524861878
Trastuzumab Emtansine,0.46378653113087676,35.015883100381195
Travoprost,0.14879739094985733,18.30207908683245
Trazodone,0.21063261920219287,57.73966673880112
Treacle,0.09884901828029789,1.87813134732566
Treosulfan,0.05071557593441712,3.7783104071140756
Treprostinil,0.20662326634588168,2.892725728842344
Tretinoin,0.04928103692702356,6.948626206710323
Triamcinolone,0.04017390347256618,33.40460073743878
Triamterene,0.05849046525292452,17.937076010896853
Triazolam,0.5532817947551918,24.538047597392755
Tribavirin,0.3420485427794958,129.08912004498174
Tribulus,0.13732129420617006,1.7851768246802109
Triclofos,0.03974952355023142,1.1328614211815955
Triclosan,0.05487484026159512,3.511989776742088
Trientine,0.05763157894736842,0.8260526315789474
Triethanolamine,0.046630469498562754,0.862663685723411
Trifluoperazine,0.09500260281103591,29.05179593961478
Trifolium,0.18833849329205368,4.331785345717234
Trimeprazine,0.04119871324566849,4.4288616739093625
Trimethoprim,0.05859061480014982,298.4020011771631
Trimipramine,0.06185392306388748,7.628650511212789
Triprolidine,0.039186215041065,8.562187986472704
Triptorelin,0.16248701587772665,15.436266508384032
Troglitazone,0.1371664787673807,8.504321683577603
Tropicamide,0.04825808157598995,4.3914854234150855
Trospium Chloride,0.13176895306859204,20.819494584837546
Troxerutin,0.06445726395102425,7.391099599717448
Troxidone,0.0400219298245614,0.6603618421052632
Trypsin,0.043421365691172976,1.7585653104925054
Tryptophan,0.11276569451309935,22.169735541275333
Tubocurarine Chloride,0.04825808157598995,1.5201295696436834
Turnera,0.17356157869709937,4.5993818354731335
Turpentine,0.043272080616478956,2.0554238292827502
Tyrosine,0.04955535944606612,7.730636073586314
Tyrothricin,0.03978852128413365,1.0345015533874748
Ubidecarenone,0.24204244031830235,4.235742705570291
Ulipristal,0.3956639566395664,73.39566395663957
Ulmus,0.03844533389509164,0.4997893406361913
Urea,0.0495351835516048,1.8823369749609822
Urea Hydrogen Peroxide,0.06181202370872143,1.29805249788315
Urginea Maritima,0.04632861585327156,1.0655581646252459
Urofollitrophin,0.060245935462573244,1.8676239993397705
Ursodeoxycholic Acid,0.059422059422059414,3.8624338624338623
Urtica,0.12918067598655106,3.3586975756503272
Ustekinumab,0.954248366013072,206.59477124183007
Vaccinium,0.1907499346746799,3.624248758818918
Valaciclovir,0.09578795433670123,14.942920876525392
Valdecoxib,0.21726190476190477,28.24404761904762
Valeriana Officinalis,0.09998173849525202,9.498265157048941
Valganciclovir,0.14840414718438708,8.088026021549096
Valine,0.04672598092555847,6.261281444024835
Valproic Acid,0.5043426766679827,239.56277141729177
Valsartan,0.26176133103843946,84.60126219162365
Vancomycin,0.052046199914444605,31.644089547982322
Vardenafil,0.23763020833333334,16.00043402777778
Varenicline,9.968487394957982,2661.5861344537816
Vasopressin,0.049900881810103215,3.318408640371864
Vecuronium Bromide,0.061515125979607316,8.273784444257185
Vedolizumab,2.260061919504644,91.53250773993808
Venlafaxine,1.5689722547870262,738.7957535495636
Verapamil,0.10299097065462755,41.175790067720094
Verbena,0.07099095594670816,1.5263055528542253
Verteporfin,0.1444400474871389,8.521962801741195
Vidarabine,0.0588377528814379,1.0296606754251632
Vigabatrin,0.5312954876273653,64.59035142441256
Vildagliptin,0.27651515151515155,38.297348484848484
Viloxazine,0.04916818212433488,8.186502323701758
Vinblastine,0.0441247582205029,5.118471953578337
Vincristine,0.059080608611201034,30.15080392791626
Vindesine,0.0630233963567297,1.859190192523526
Vinflunine,0.43922984356197353,13.61612515042118
Vinorelbine,0.16443910497071632,54.59378285027782
Viscum Album,0.05637500965325508,0.732875125492316
Vismodegib,1.2784588441331,29.404553415061294
Vitamin B Substances,0.11597733411004607,71.15209447651327
Vitamin D Substances,0.07898723220082234,32.700714131140444
Vitamin E Substances,0.04503115168712603,9.434026278452903
Vitamin K Substances,0.03937007874015748,7.775590551181103
Vitex Agnus Castus,0.15391102677630192,3.2321315623023406
Vitis,0.15466101694915255,5.258474576271186
Von Willebrand Factor Human,0.1500513874614594,7.877697841726619
Voriconazole,0.27915869980879543,65.39292543021033
Warfarin,0.09680670485890092,156.94302991725016
Withania Somnifera,0.16236654804270464,3.4908807829181496
Wool Fat,0.045682102628285357,1.4846683354192742
Xamoterol,0.07047012259870644,14.728255623129645
Xipamide,0.09084875134821206,9.296855554633702
Xylometazoline,0.03929378835181398,5.913715146948003
Zafirlukast,0.11404468051866896,20.984221215435092
Zalcitabine,0.09607791524085285,3.3627270334298505
Zaleplon,0.15176715176715178,9.40956340956341
Zanamivir,0.15439932318104907,6.253172588832488
Zidovudine,0.1735285727869164,64.24027764571646
Zimeldine,0.06387260477732085,28.327500218741797
Zinc,0.05887413301790419,13.717672993171677
Zingiber Officinale,0.12238055322715842,8.994970662196144
Zizyphus,0.4853723404255319,7.280585106382979
Zoledronic Acid,0.2831652443754849,252.58339798293252
Zolmitriptan,0.1600877192982456,23.532894736842106
Zolpidem,0.7420584498094028,29.867852604828464
Zomepirac,0.0574215370093605,26.787147014866672
Zonisamide,0.4796320630749014,52.183968462549274
Zopiclone,2.5784334095158945,144.58186162476625
Zotepine,0.14910130718954248,2.9074754901960786
Zuclopenthixol,0.24110091743119266,36.75449541284404
